-- MySQL dump 10.13  Distrib 5.6.16, for Win32 (x86)
--
-- Host: localhost    Database: autocompletar
-- ------------------------------------------------------
-- Server version	5.6.16

/*!40101 SET @OLD_CHARACTER_SET_CLIENT=@@CHARACTER_SET_CLIENT */;
/*!40101 SET @OLD_CHARACTER_SET_RESULTS=@@CHARACTER_SET_RESULTS */;
/*!40101 SET @OLD_COLLATION_CONNECTION=@@COLLATION_CONNECTION */;
/*!40101 SET NAMES utf8 */;
/*!40103 SET @OLD_TIME_ZONE=@@TIME_ZONE */;
/*!40103 SET TIME_ZONE='+00:00' */;
/*!40014 SET @OLD_UNIQUE_CHECKS=@@UNIQUE_CHECKS, UNIQUE_CHECKS=0 */;
/*!40014 SET @OLD_FOREIGN_KEY_CHECKS=@@FOREIGN_KEY_CHECKS, FOREIGN_KEY_CHECKS=0 */;
/*!40101 SET @OLD_SQL_MODE=@@SQL_MODE, SQL_MODE='NO_AUTO_VALUE_ON_ZERO' */;
/*!40111 SET @OLD_SQL_NOTES=@@SQL_NOTES, SQL_NOTES=0 */;

--
-- Table structure for table `categoria`
--

DROP TABLE IF EXISTS `categoria`;
/*!40101 SET @saved_cs_client     = @@character_set_client */;
/*!40101 SET character_set_client = utf8 */;
CREATE TABLE `categoria` (
  `Id` int(11) NOT NULL AUTO_INCREMENT,
  `nomcategoria` varchar(255) DEFAULT NULL,
  `orden` int(10) unsigned NOT NULL DEFAULT '0',
  PRIMARY KEY (`Id`)
) ENGINE=MyISAM AUTO_INCREMENT=12 DEFAULT CHARSET=utf8;
/*!40101 SET character_set_client = @saved_cs_client */;

--
-- Dumping data for table `categoria`
--

LOCK TABLES `categoria` WRITE;
/*!40000 ALTER TABLE `categoria` DISABLE KEYS */;
INSERT INTO `categoria` VALUES (1,'aderezo',0),(2,'bebida',0),(3,'botana',0),(4,'ensalada',0),(5,'entremes',0),(6,'guisado',0),(7,'otro',0),(8,'panes',0),(9,'postre',0),(10,'salsa',0),(11,'sopa',0);
/*!40000 ALTER TABLE `categoria` ENABLE KEYS */;
UNLOCK TABLES;

--
-- Table structure for table `diannakennedy`
--

DROP TABLE IF EXISTS `diannakennedy`;
/*!40101 SET @saved_cs_client     = @@character_set_client */;
/*!40101 SET character_set_client = utf8 */;
CREATE TABLE `diannakennedy` (
  `ID` int(11) DEFAULT NULL,
  `Tema` varchar(255) DEFAULT NULL,
  `IdCategoria` int(11) DEFAULT '0',
  `Categoria` longtext,
  `RecetaNombre` varchar(255) DEFAULT NULL,
  `ComentariosRegionales` varchar(255) DEFAULT NULL,
  `IngredienteLocal` varchar(255) DEFAULT NULL,
  `Municipio` varchar(255) DEFAULT NULL,
  `Localidad` varchar(255) DEFAULT NULL,
  `IdEstado` int(11) DEFAULT '0',
  `Estado` varchar(255) DEFAULT NULL,
  `NomenclaturaLibro` varchar(255) DEFAULT NULL,
  `Pagina` int(11) DEFAULT NULL,
  `CocineraInformanteColaboradora` varchar(60) DEFAULT NULL,
  `NomenclaturaActualizada` varchar(255) DEFAULT NULL,
  `DeterminadoPor` varchar(255) DEFAULT NULL,
  `TituloFoto` varchar(255) DEFAULT NULL,
  `DescripcionFoto` varchar(255) DEFAULT NULL,
  `NotasAdicionales` varchar(255) DEFAULT NULL,
  `URL` varchar(255) DEFAULT NULL,
  `Publico` tinyint(1) DEFAULT '0',
  `DescripcionCorta` varchar(255) DEFAULT NULL,
  `Libro` varchar(255) NOT NULL DEFAULT '',
  KEY `ID` (`ID`),
  KEY `IdCategoria` (`IdCategoria`),
  KEY `IdEstado` (`IdEstado`),
  KEY `Determinado por:` (`DeterminadoPor`) USING BTREE
) ENGINE=MyISAM DEFAULT CHARSET=utf8;
/*!40101 SET character_set_client = @saved_cs_client */;

--
-- Dumping data for table `diannakennedy`
--

LOCK TABLES `diannakennedy` WRITE;
/*!40000 ALTER TABLE `diannakennedy` DISABLE KEYS */;
INSERT INTO `diannakennedy` VALUES (118,'Chihuahua',9,'postre','Rollo de nuez y dátil','NA','SD','Camargo','SD',3,'Chihuahua','SD',196,'Estela Romo','NA','NA','NA','NA',NULL,'MexicoUnaOdiseaCulinaria/Rollodenuez ydátil.pdf',0,NULL,'México una odisea culinaria recetas'),(119,'Chihuahua',10,'salsa','Rajas en Cerveza','NA','Chiles poblanos o anaheim','SD','SD',3,'Chihuahua','SD',197,'Olga de B Baca','NA','NA','NA','NA',NULL,'MexicoUnaOdiseaCulinaria/RajasenCerveza.pdf',1,NULL,'México una odisea culinaria recetas'),(120,'Chihuahua',10,'salsa','Chile dulce','NA','Chile poblano o anaheim','SD','SD',3,'Chihuahua','SD',198,'Lilia S. de Beck','NA','NA','NA','NA',NULL,'MexicoUnaOdiseaCulinaria/Chiledulce.pdf',1,NULL,'México una odisea culinaria recetas'),(121,'Centro',7,'otro','NA','Hidalgo','Quebrachis','Huejutla de Reyes','SD',10,'Hidalgo','Dhypysa robinoides',200,'SD','NA','NA','NA','NA',NULL,'MexicoUnaOdiseaCulinaria/NA_Centro.pdf',0,NULL,'México una odisea culinaria recetas'),(122,'Hidalgo',10,'salsa','Salsa de xoconostle','NA','Xoconostle, chile morita','SD','SD',10,'Hidalgo','Opuntia joconostle',205,'Paula Cruz de Angeles','NA','NA','NA','NA',NULL,'MexicoUnaOdiseaCulinaria/Salsadexoconostle.pdf',0,NULL,'México una odisea culinaria recetas'),(123,'Hidalgo',11,'sopa','Sopa de haba seca','NA','Habas, chile serrano','SD','SD',10,'Hidalgo','SD',206,'Paula Cruz de Angeles','NA','NA','NA','NA',NULL,'MexicoUnaOdiseaCulinaria/Sopadehabaseca.pdf',1,NULL,'México una odisea culinaria recetas'),(124,'Hidalgo',6,'guisado','Frijoles quebrados','NA','Frijol flor de mayo, xoconostele, nopal, chile guajillo, hoja de aguacate','SD','SD',10,'Hidalgo','SD',207,'Paula Cruz de Angeles','NA','NA','NA','NA',NULL,'MexicoUnaOdiseaCulinaria/Frijolesquebrados.pdf',0,NULL,'México una odisea culinaria recetas'),(125,'Hidalgo',6,'guisado','Gorditas hidalguenses','NA','SD','SD','SD',10,'Hidalgo','SD',208,'SD','NA','NA','NA','NA',NULL,'MexicoUnaOdiseaCulinaria/Gorditashidalguenses.pdf',1,NULL,'México una odisea culinaria recetas'),(126,'Hidalgo',6,'guisado','Frijoles para gorditas','NA','Frijol mayo, chile guajillo','SD','SD',10,'Hidalgo','SD',209,'Paula Cruz de Angeles','NA','NA','NA','NA',NULL,'MexicoUnaOdiseaCulinaria/Frijolesparagorditas.pdf',0,NULL,'México una odisea culinaria recetas'),(127,'Hidalgo',6,'guisado','Mole de olla hidalguense','NA','Elote, chile ancho, chile pasilla, chayotes, ejotes, calabacita, xoconostle','SD','SD',10,'Hidalgo','SD',210,'María Elena Romero de Lara','NA','NA','NA','NA',NULL,'MexicoUnaOdiseaCulinaria/Moledeollahidalguense.pdf',0,NULL,'México una odisea culinaria recetas'),(128,'Hidalgo',6,'guisado','Chicharrón en tomate verde','NA','Chile serrano','SD','SD',10,'Hidalgo','SD',213,'Antonia Ruiz','NA','NA','NA','NA',NULL,'MexicoUnaOdiseaCulinaria/Chicharrónentomateverde.pdf',1,NULL,'México una odisea culinaria recetas'),(129,'Hidalgo',6,'guisado','Chicharrón en guajillo','NA','Chile guajillo','SD','SD',10,'Hidalgo','SD',214,'Antonia Cruz','NA','NA','NA','NA',NULL,'MexicoUnaOdiseaCulinaria/Chicharrónenguajillo.pdf',0,NULL,'México una odisea culinaria recetas'),(130,'Hidalgo',6,'guisado','Longaniza con papas y nopales','NA','Nopal','SD','SD',10,'Hidalgo','SD',215,'Antonia Ruiz','NA','NA','NA','NA',NULL,'MexicoUnaOdiseaCulinaria/Longanizaconpapasynopales.pdf',1,NULL,'México una odisea culinaria recetas'),(131,'Hidalgo',NULL,'','Tamales de nopalitos','NA','Nopal, chile morita o mora','SD','SD',10,'Hidalgo','SD',216,'SD','NA','NA','NA','NA',NULL,'MexicoUnaOdiseaCulinaria/Tamalesdenopalitos.pdf',0,NULL,'México una odisea culinaria recetas'),(132,'Estado de México',7,'otro','NA','Estado de México','Chivato,  hongos clavito, hongos paloma, hongos azules, acociles,','Santiago Tianguistenco','SD',7,'Estado de México','Calandrina micracantha, Leophyllum decastes, Macrolepiota procera, Lactarius indigo, Cambarellus montesumae',218,'SD','NA','NA','NA','NA',NULL,'MexicoUnaOdiseaCulinaria/NA_EstadodeMexico.pdf',0,NULL,'México una odisea culinaria recetas'),(133,'Estado de México',6,'guisado','Huevos en cobija','NA','SD','Metepec','SD',7,'Estado de México','SD',224,'Virginia Barrios','NA','NA','NA','NA',NULL,'MexicoUnaOdiseaCulinaria/Huevosencobija.pdf',0,NULL,'México una odisea culinaria recetas'),(134,'Estado de México',6,'guisado','Pastel de zapote negro','NA','Zapote negro','Metepec','SD',7,'Estado de México','Diospyros Ebenaster',226,'Virginia Barrios','NA','NA','NA','NA',NULL,'MexicoUnaOdiseaCulinaria/Pasteldezapotenegro.pdf',0,NULL,'México una odisea culinaria recetas'),(135,'Estado de México',6,'guisado','Pepeto','NA','Chilacayote, haba, elote, chile manzano','Coatepec de Harenas','SD',7,'Estado de México','SD',228,'Alfredo Garduño','NA','NA','NA','NA',NULL,'MexicoUnaOdiseaCulinaria/Pepeto.pdf',1,NULL,'México una odisea culinaria recetas'),(136,'Estado de México',10,'salsa','Salsa de aguacate y tomate verde','NA','Chile serrano','SD','20Km de Toluca-Zitácuaro',7,'Estado de México','SD',230,'Yukon Restaurante','NA','NA','NA','NA',NULL,'MexicoUnaOdiseaCulinaria/Salsadeaguacateytomateverde.pdf',0,NULL,'México una odisea culinaria recetas'),(137,'Estado de México',6,'guisado','Mole de olla con tamales y elote','NA','Chile guajillo','Zacualpan de Amilpas','SD',7,'Estado de México','SD',231,'Yolanda de Suárez','NA','NA','NA','NA',NULL,'MexicoUnaOdiseaCulinaria/Moledeollacontamalesyelote.pdf',1,NULL,'México una odisea culinaria recetas'),(138,'Estado de México',6,'guisado','Tamales de elote','NA','Granos de elote','Zacualpan de Amilpas','SD',7,'Estado de México','SD',232,'Yolanda de Suárez','NA','NA','NA','NA',NULL,'MexicoUnaOdiseaCulinaria/Tamalesdeelote.pdf',0,NULL,'México una odisea culinaria recetas'),(1,'Contenido',7,'otro','NA','NA','NA','SD','NA',NULL,'NA','NA',5,'SD','NA','NA','NA','NA',NULL,'MexicoUnaOdiseaCulinaria/NA_Contenido.pdf',0,NULL,'México una odisea culinaria recetas'),(2,'Agradecimientos',7,'otro','NA','NA','NA','SD','NA',NULL,'NA','NA',7,'SD','NA','NA','NA','NA',NULL,'MexicoUnaOdiseaCulinaria/NA_Agradecimientos.pdf',0,NULL,'México una odisea culinaria recetas'),(3,'Introducción',7,'otro','NA','NA','NA','SD','NA',NULL,'NA','NA',9,'SD','NA','NA','NA','NA',NULL,'MexicoUnaOdiseaCulinaria/NA_Introduccion.pdf',0,NULL,'México una odisea culinaria recetas'),(4,'Centro Occidente y la Costa del Pacífico',7,'otro','NA','Michoacán, San Pancho y cómo llegué aquí','NA','SD','NA',NULL,'Michoacán de Oacampo','NA',17,'SD','NA','NA','NA','NA',NULL,'MexicoUnaOdiseaCulinaria/NA_CentroOccidenteylaCostadelPacifico.pdf',0,NULL,'México una odisea culinaria recetas'),(5,'Michoacán',6,'guisado','Tamales de espiga','NA','Flor masculina del maíz: Espiga, pulque','San Francisco Coatepec de Morelos','San Francisco Coatepec',NULL,'Michoacán de Oacampo','Pulque: Agave atrovirens',25,'Catalina (madre de Carlos)','NA','NA','NA','NA',NULL,'MexicoUnaOdiseaCulinaria/Tamalesdeespiga.pdf',1,NULL,'México una odisea culinaria recetas'),(6,'Michoacán',9,'postre','Frutas en tacha','NA','Cidra, calabaza, chilacayote','Zitácuaro','SD',NULL,'Michoacán de Oacampo','SD',27,'Lucinda','NA','NA','NA','NA',NULL,'MexicoUnaOdiseaCulinaria/Frutasentacha.pdf',1,NULL,'México una odisea culinaria recetas'),(7,'Michoacán',6,'guisado','Chilaquiles en salsa verde señora Juana','NA','SD','San Francisco Coatepec','Rancho San Cayetano',NULL,'Michoacán de Oacampo','SD',29,'Señora Juana','NA','NA','NA','NA',NULL,'MexicoUnaOdiseaCulinaria/ChilaquilesensalsaverdeseñoraJuana.pdf',1,NULL,'México una odisea culinaria recetas'),(8,'Michoacán',NULL,'','Ensalada de Nopalitos estilo San Pancho','NA','Nopal, chile serrano','San Francisco Caotepec','San Francisco Coatepec',NULL,'Michoacán de Oacampo','SD',31,'Juana y Sra Consuelo Mendoza','NA','NA','NA','NA',NULL,'MexicoUnaOdiseaCulinaria/EnsaladadenopalitosestiloSanPancho.pdf',0,NULL,'México una odisea culinaria recetas'),(9,'Michoacán',3,'botana','Botana de chilacas','NA','Chile chilacas','San Francisco Coatepec','San Francisco Coatepec',NULL,'Michoacán de Oacampo','SD',32,'Consuelo Mendoza','NA','NA','NA','NA',NULL,'MexicoUnaOdiseaCulinaria/Botanadechilacas.pdf',0,NULL,'México una odisea culinaria recetas'),(10,'Michoacán',3,'botana','Habitas guisadas para botana','NA','Haba tierna, chile manzano','Toluca','SD',7,'Estado de México','SD',33,'Consuelo Mendoza','NA','NA','NA','NA',NULL,'MexicoUnaOdiseaCulinaria/Habitasguisadasparabotana.pdf',0,NULL,'México una odisea culinaria recetas'),(11,'Michoacán',11,'sopa','Caldo de hongo y flor','NA','Hongo clavito, calabacita, elote, flor de calabaza','SD','SD',NULL,'Michoacán de Oacampo','Leophyllum decastes',34,'SD','NA','NA','NA','NA',NULL,'MexicoUnaOdiseaCulinaria/Caldodehongoyflor.pdf',1,NULL,'México una odisea culinaria recetas'),(12,'Michoacán',7,'otro','NA','De la Ciudad de México a Zitácuaro, Michoacán','NA','SD','SD',NULL,'Michoacán de Oacampo','SD',35,'SD','NA','NA','NA','NA',NULL,'MexicoUnaOdiseaCulinaria/NA_Michoacan.pdf',0,NULL,'México una odisea culinaria recetas'),(13,'Michoacán',10,'salsa','Salsa ranchera','NA','Chile jalapeño','San Francisco Coatepec','SD',NULL,'Michoacán de Oacampo','SD',40,'Consuelo G. del Valle','NA','NA','NA','NA',NULL,'MexicoUnaOdiseaCulinaria/Salsaranchera.pdf',0,NULL,'México una odisea culinaria recetas'),(14,'Michoacán',6,'guisado','Bocoles de frijol negro','NA','SD','San Francisco Coatepec','SD',NULL,'Michoacán de Oacampo','SD',41,'Hortensia Fagoaga','NA','NA','NA','NA',NULL,'MexicoUnaOdiseaCulinaria/Bocolesdefrijolnegro.pdf',0,NULL,'México una odisea culinaria recetas'),(15,'Michoacán',6,'guisado','Puerco deshebrado','NA','SD','San Francisco Coatepec','SD',NULL,'Michoacán de Oacampo','SD',42,'SD','NA','NA','NA','NA',NULL,'MexicoUnaOdiseaCulinaria/Puercodeshebrado.pdf',0,NULL,'México una odisea culinaria recetas'),(16,'Michoacán',10,'salsa','Salsa de tomate','NA','Chile serrano','San Francisco Coatepec','SD',NULL,'Michoacán de Oacampo','SD',42,'SD','NA','NA','NA','NA',NULL,'MexicoUnaOdiseaCulinaria/SalsadetomateMichoacan.pdf',0,NULL,'México una odisea culinaria recetas'),(17,'Michoacán',6,'guisado','Carne de puerco con rajas','NA','Chile serrano, chile chilaca','San Francisco Coatepec','SD',NULL,'Michoacán de Oacampo','SD',43,'Irma Castrellón de Olivares','NA','NA','NA','NA',NULL,'MexicoUnaOdiseaCulinaria/Carnedepuercoconrajas.pdf',1,NULL,'México una odisea culinaria recetas'),(18,'Michoacán',6,'guisado','Carne de puerco en pipian de chile pasilla','NA','Chile pasilla, semilla de calabaza','SD','SD',NULL,'Michoacán de Oacampo','SD',44,'Irma Castrellón de Olivares','NA','NA','NA','NA',NULL,'MexicoUnaOdiseaCulinaria/Carnedepuercoenpipiandechilepasilla.pdf',1,NULL,'México una odisea culinaria recetas'),(19,'Michoacán',6,'guisado','Flor de calabaza guisada con jitomate','NA','Chile chilacas,  flor de calabaza','Zitácuaro','SD',NULL,'Michoacán de Oacampo','SD',46,'Elvira Frutis Rivas','NA','NA','NA','NA',NULL,'MexicoUnaOdiseaCulinaria/Flordecalabazaguisadaconjitomate.pdf',1,NULL,'México una odisea culinaria recetas'),(20,'Michoacán',6,'guisado','Tacos sudados','NA','SD','SD','SD',NULL,'Michoacán de Oacampo','SD',47,'NA','NA','NA','NA','NA',NULL,'MexicoUnaOdiseaCulinaria/Tacossudados.pdf',0,NULL,'México una odisea culinaria recetas'),(21,'Michoacán',6,'guisado','Carne deshebrada para tacos sudados','NA','Chile pasilla','Zitácuaro','SD',NULL,'Michoacán de Oacampo','SD',48,'Elvira Frutis Rivas','NA','NA','NA','NA',NULL,'MexicoUnaOdiseaCulinaria/Carnedeshebradaparatacossudados.pdf',0,NULL,'México una odisea culinaria recetas'),(22,'Michoacán',10,'salsa','Salsa verde','NA','Chile serrano','SD','SD',NULL,'Michoacán de Oacampo','SD',49,'SD','NA','NA','NA','NA',NULL,'MexicoUnaOdiseaCulinaria/Salsaverde.pdf',1,NULL,'México una odisea culinaria recetas'),(23,'Michoacán',6,'guisado','Papas guisadas para tacos sudados','NA','Chile chilacas','SD','SD',NULL,'Michoacán de Oacampo','SD',49,'SD','NA','NA','NA','NA',NULL,'MexicoUnaOdiseaCulinaria/Papasguisadasparatacossudados.pdf',0,NULL,'México una odisea culinaria recetas'),(24,'Michoacán',6,'guisado','Carne de puerco en pipián','NA','Chilacayote, chile ancho, chile moras','SD','SD',NULL,'Michoacán de Oacampo','SD',50,'Hortensia Fagoaga','NA','NA','NA','NA',NULL,'MexicoUnaOdiseaCulinaria/Carnedepuercoenpipian.pdf',0,NULL,'México una odisea culinaria recetas'),(25,'Michoacán',7,'otro','NA','Morelia y Tacámbaro','NA','Morelia','SD',NULL,'Michoacán de Oacampo','SD',53,'SD','NA','NA','NA','NA',NULL,'MexicoUnaOdiseaCulinaria/NA_Michoacan_1.pdf',0,NULL,'México una odisea culinaria recetas'),(26,'Michocán',6,'guisado','Chuletas de cerdo en agridulce','NA','Chile guajillo','Morelia','SD',NULL,'Michoacán de Oacampo','SD',54,'Livier Ruiz de Suárez','NA','NA','NA','NA',NULL,'MexicoUnaOdiseaCulinaria/Chuletasdecerdoenagridulce.pdf',1,NULL,'México una odisea culinaria recetas'),(27,'Michoacán',NULL,'','Calabacitas michoacanas','NA','Chile poblano','Morelia','SD',NULL,'Michoacán de Oacampo','SD',55,'Cirena Arias Miranda','NA','NA','NA','NA',NULL,'MexicoUnaOdiseaCulinaria/Calabacitasmichoacanas.pdf',0,NULL,'México una odisea culinaria recetas'),(28,'Michoacán',6,'guisado','Pozolillo','NA','Chile poblano, chile serrano, elote','Morelia','SD',NULL,'Michoacán de Oacampo','SD',56,'NA','NA','NA','NA','NA',NULL,'MexicoUnaOdiseaCulinaria/Pozolillo.pdf',0,NULL,'México una odisea culinaria recetas'),(29,'Michoacán',7,'otro','NA','Recetario de Tacámbaro Señor Raúl Ramíerez, Zitácuaro','NA','Zitácuaro','SD',NULL,'Michoacán de Oacampo','SD',57,'Raúl Ramírez','NA','NA','NA','NA',NULL,'MexicoUnaOdiseaCulinaria/NA_Michoacan_2.pdf',0,NULL,'México una odisea culinaria recetas'),(30,'Michoacán',6,'guisado','Pollo en pulque','NA','Pulque, chile serrano','Zitácuaro','SD',NULL,'Michoacán de Oacampo','SD',58,'Raúl Ramírez','NA','NA','NA','NA',NULL,'MexicoUnaOdiseaCulinaria/Polloenpulque.pdf',1,NULL,'México una odisea culinaria recetas'),(31,'Michoacán',6,'guisado','Chicharrón en naranja','NA','Chile jalapeño','Tacámbaro','SD',NULL,'Michoacán de Oacampo','SD',59,'Raúl Ramírez','NA','NA','NA','NA',NULL,'MexicoUnaOdiseaCulinaria/Chicharrónennaranja.pdf',0,NULL,'México una odisea culinaria recetas'),(32,'Michoacán',6,'guisado','Chilacayotes en natas','NA','Chilacayote','Tacámbaro','SD',NULL,'Michoacán de Oacampo','SD',60,'SD','NA','NA','NA','NA',NULL,'MexicoUnaOdiseaCulinaria/Chilacayotesennatas.pdf',1,NULL,'México una odisea culinaria recetas'),(33,'Michoacán',6,'guisado','Chilacayotes punchuches','NA','Chilacayote','Tacámbaro','SD',NULL,'Michoacán de Oacampo','SD',62,'SD','NA','NA','NA','NA',NULL,'MexicoUnaOdiseaCulinaria/Chilacayotespunchuches.pdf',1,NULL,'México una odisea culinaria recetas'),(34,'Jalisco',7,'otro','NA','Jalisco','NA','SD','SD',11,'Jalisco','SD',63,'SD','NA','NA','NA','NA',NULL,'MexicoUnaOdiseaCulinaria/NA_Jalisco.pdf',0,NULL,'México una odisea culinaria recetas'),(35,'Jalisco',6,'guisado','Pozole de camarón','NA','Chile ancho y chile guajillo','Puerto Vallarta','SD',11,'Jalisco','SD',67,'Rafaela Villaseñor','NA','NA','NA','NA',NULL,'MexicoUnaOdiseaCulinaria/Pozoledecamarón.pdf',0,NULL,'México una odisea culinaria recetas'),(36,'Jalisco',3,'botana','Gorditas de res','NA','Chile ancho','Puerto Vallarta','SD',11,'Jalisco','SD',69,'Rafaela Villaseñor','NA','NA','NA','NA',NULL,'MexicoUnaOdiseaCulinaria/Gorditasderes.pdf',0,NULL,'México una odisea culinaria recetas'),(37,'Jalisco',NULL,'','Pulpo en salsa guajillo','NA','Chile guajillo','Puerto Vallarta','SD',11,'Jalisco','SD',71,'José Ruiz Muñoz','NA','NA','NA','NA',NULL,'MexicoUnaOdiseaCulinaria/Pulpoensalsaguajillo.pdf',1,NULL,'México una odisea culinaria recetas'),(38,'Jalisco',3,'botana','Ceviche de tino','NA','Chile jalapeño','Puerto Vallarta','SD',11,'Jalisco','SD',73,'Restaurante Tino´s','NA','NA','NA','NA',NULL,'MexicoUnaOdiseaCulinaria/Cevichedetino.pdf',0,NULL,'México una odisea culinaria recetas'),(39,'Jalisco',9,'postre','Capirotada de Doña Rosa','NA','SD','Puerto Vallarta','SD',11,'Jalisco','SD',74,'Rosa','NA','NA','NA','NA',NULL,'MexicoUnaOdiseaCulinaria/CapirotadadeDoñaRosa.pdf',0,NULL,'México una odisea culinaria recetas'),(40,'Nayarit',7,'otro','NA','Una búsqueda afortunada','Yaca','El Llano','SD',16,'Nayarit','SD',75,'SD','NA','NA','NA','NA',NULL,'MexicoUnaOdiseaCulinaria/NA_Nayarit.pdf',0,NULL,'México una odisea culinaria recetas'),(41,'Nayarit',6,'guisado','Pollo en blanco','NA','Chayote, calabacita','El Llano','SD',16,'Nayarit','SD',76,'María Villegas','NA','NA',NULL,NULL,NULL,'MexicoUnaOdiseaCulinaria/Polloenblanco.pdf',1,NULL,'México una odisea culinaria recetas'),(42,'Jalisco-Nayarit',7,'otro','NA','De Puerto Vallarta a Nayarit','NA','SD','SD',16,'Nayarit','SD',78,'SD','NA','NA','NA','NA',NULL,'MexicoUnaOdiseaCulinaria/NA_Jalisco-Nayarit.pdf',0,NULL,'México una odisea culinaria recetas'),(43,'Nayarit',10,'salsa','Salsa de tomate','NA','Chile jalapeño','SD','SD',16,'Nayarit','SD',82,'SD','NA','NA','NA',NULL,NULL,'MexicoUnaOdiseaCulinaria/SalsadetomateNayarit.pdf',0,NULL,'México una odisea culinaria recetas'),(44,'Nayarit',3,'botana','Chivichanga de ostión','NA','Chile cora','Santiago Ixcuintla','Boca de Camichín',16,'Nayarit','SD',82,'María Cruz de López','NA','NA','NA',NULL,NULL,'MexicoUnaOdiseaCulinaria/Chivichangadeostión.pdf',0,NULL,'México una odisea culinaria recetas'),(45,'Nayarit',3,'botana','Empanada de camarón','NA','Chile jalapeño','Santiago Ixcuintla','Boca de Camichín',16,'Nayarit','SD',83,'María Cruz de López','NA','NA','NA','NA',NULL,'MexicoUnaOdiseaCulinaria/Empanadadecamarón.pdf',0,NULL,'México una odisea culinaria recetas'),(46,'Nayarit',10,'salsa','Salsa de chile cora','NA','Chile cora','Santiago Ixcuintla','Boca de Camichín',16,'Nayarit','SD',84,'María Cruz de López','NA','NA','NA','NA',NULL,'MexicoUnaOdiseaCulinaria/Salsadechilecora.pdf',0,NULL,'México una odisea culinaria recetas'),(47,'Jalisco',7,'otro','NA','Mascota y San Sebastián','NA','Mascota y San Sebastián','SD',11,'Jalisco','SD',85,'SD','NA','NA','NA','NA',NULL,'MexicoUnaOdiseaCulinaria/NA_Jalisco_1.pdf',0,NULL,'México una odisea culinaria recetas'),(48,'Jalisco',NULL,'','Jocoque','NA','SD','Mascota','SD',11,'Jalisco','SD',90,'Bertha Elena Moreno','NA','NA','NA','NA',NULL,'MexicoUnaOdiseaCulinaria/Jocoque.pdf',0,NULL,'México una odisea culinaria recetas'),(49,'Jalisco',3,'botana','Tacos de jocoque','NA','Chile poblano','Mascota','SD',11,'Jalisco','SD',91,'Bertha Elena Moreno','NA','NA','NA','NA',NULL,'MexicoUnaOdiseaCulinaria/Tacosdejocoque.pdf',1,NULL,'México una odisea culinaria recetas'),(50,'Jalisco',6,'guisado','Birria estilo Mascota','NA','Chile ancho, chile de árbol','Mascota','SD',11,'Jalisco','SD',93,'Familia Moreno','NA','NA','NA','NA',NULL,'MexicoUnaOdiseaCulinaria/BirriaestiloMascota.pdf',0,NULL,'México una odisea culinaria recetas'),(51,'Jalisco',6,'guisado','Chilaquiles','NA','Chile de árbol','Mascota','SD',11,'Jalisco','SD',95,'Carolina de López','NA','NA','NA','NA',NULL,'MexicoUnaOdiseaCulinaria/Chilaquiles.pdf',1,NULL,'México una odisea culinaria recetas'),(52,'Jalisco',6,'guisado','Hongos guisados con yerbabuena','NA','Chile serrano, hongos silvestres','Mascota','SD',11,'Jalisco','SD',97,'Carolina de López','NA','NA','NA','NA',NULL,'MexicoUnaOdiseaCulinaria/Hongosguisadosconyerbabuena.pdf',0,NULL,'México una odisea culinaria recetas'),(53,'Jalisco',9,'postre','Tortitas de regalo','NA','SD','Mascota','SD',11,'Jalisco','SD',98,'Carolina de López','NA','NA','NA','NA',NULL,'MexicoUnaOdiseaCulinaria/Tortitasderegalo.pdf',1,NULL,'México una odisea culinaria recetas'),(54,'Jalisco',9,'postre','Rollo de mango verde','NA','SD','Mascota','SD',11,'Jalisco','SD',99,'SD','NA','NA','NA','NA',NULL,'MexicoUnaOdiseaCulinaria/Rollodemangoverde.pdf',0,NULL,'México una odisea culinaria recetas'),(55,'Jalisco',NULL,'','Turco','NA','SD','Mascota','SD',11,'Jalisco','SD',100,'SD','NA','NA','NA','NA',NULL,'MexicoUnaOdiseaCulinaria/Turco.pdf',0,NULL,'México una odisea culinaria recetas'),(56,'Jalisco',9,'postre','Gordas de harina','NA','SD','Mascota','SD',11,'Jalisco','SD',102,'Carolina de López','NA','NA','NA','NA',NULL,'MexicoUnaOdiseaCulinaria/Gordasdeharina.pdf',1,NULL,'México una odisea culinaria recetas'),(57,'Jalisco',9,'postre','Arepas','NA','SD','Mascota','SD',11,'Jalisco','SD',103,'SD','NA','NA','NA','NA',NULL,'MexicoUnaOdiseaCulinaria/Arepas.pdf',0,NULL,'México una odisea culinaria recetas'),(58,'Jalisco',10,'salsa','Salsa de lima agria','NA','Lima agria, chile jalapeño','Mascota','SD',11,'Jalisco','SD',105,'SD','NA','NA','NA','NA',NULL,'MexicoUnaOdiseaCulinaria/Salsadelimaagria.pdf',0,NULL,'México una odisea culinaria recetas'),(59,'Jalisco',6,'guisado','Enchiladas de mascota','NA','Chile ancho','Mascota','SD',11,'Jalisco','SD',106,'SD','NA','NA','NA','NA',NULL,'MexicoUnaOdiseaCulinaria/Enchiladasdemascota.pdf',0,NULL,'México una odisea culinaria recetas'),(60,'Jalisco',7,'otro','NA','San Sebastián','SD','San Sebastián','SD',11,'Jalisco','SD',107,'SD','NA','NA','NA','NA',NULL,'MexicoUnaOdiseaCulinaria/NA_Jalisco_2.pdf',0,NULL,'México una odisea culinaria recetas'),(61,'Jalisco',11,'sopa','Arroz blanco con rajas y panela','San Sebastián','Chile poblano','San Sebastián','SD',11,'Jalisco','SD',109,'Soledad García Rios','NA','NA','NA','NA',NULL,'MexicoUnaOdiseaCulinaria/Arrozblancoconrajasypanela.pdf',0,NULL,'México una odisea culinaria recetas'),(62,'Jalisco',6,'guisado','Lomo relleno','San Sebastián','Chile ancho','San Sebastián','SD',11,'Jalisco','SD',110,'Soledad García Rios','NA','NA','NA','NA',NULL,'MexicoUnaOdiseaCulinaria/Lomorelleno.pdf',1,NULL,'México una odisea culinaria recetas'),(63,'Rumbo al norte del bajío a las planicies porteñas',7,'otro','NA','Guanajuato, San Miguel de Allende y Comonfort','NA','SD','SD',8,'Guanajuato','SD',116,'SD','NA','NA','NA','NA',NULL,'MexicoUnaOdiseaCulinaria/NA_Rumboalnortedelbajíoalasplaniciesporteñas.PDF',0,NULL,'México una odisea culinaria recetas'),(64,'Guanajuato, San Miguel de Allende y Comonfort',3,'botana','Guacamole chumacuero','NA','Chile serrano, aguacate','Comonfort','SD',8,'Guanajuato','SD',118,'Leticia Sánchez','NA','NA','NA','NA',NULL,'MexicoUnaOdiseaCulinaria/Guacamolechumacuero.pdf',0,NULL,'México una odisea culinaria recetas'),(65,'Guanajuato, San Miguel de Allende y Comonfort',3,'botana','Botana de papas locas','NA','Papas silvestres, chile de árbol','Comonfort','SD',8,'Guanajuato','SD',119,'SD','NA','NA','NA','NA','Las papas silvestres crecen en las colinas del norte en Zacatecas, San Luis Potosí y Guanajuato','MexicoUnaOdiseaCulinaria/Botanadepapaslocas.pdf',0,NULL,'México una odisea culinaria recetas'),(66,'San Miguel de Allende',7,'otro','NA','San Miguel de Allende','NA','San Miguel de Allende','SD',8,'Guanajuato','SD',119,'SD','NA','NA','NA','NA',NULL,'MexicoUnaOdiseaCulinaria/NA_SanMigueldeAllende.pdf',0,NULL,'México una odisea culinaria recetas'),(67,'San Miguel de Allende',NULL,'','Ensalada de tomate verde','NA','Chile serrano, aguacate','San Miguel de Allende','SD',8,'Guanajuato','SD',122,'María Redondo de Williams','NA','NA','NA','NA',NULL,'MexicoUnaOdiseaCulinaria/Ensaladadetomateverde.pdf',1,NULL,'México una odisea culinaria recetas'),(68,'San Miguel de Allende',6,'guisado','Tacos sudados de fideo','NA','Chile cascabel','San Miguel de Allende','SD',8,'Guanajuato','SD',123,'Marilú Redondo de Lambarri','NA','NA','NA','NA',NULL,'MexicoUnaOdiseaCulinaria/Tacossudadosdefideo.pdf',0,NULL,'México una odisea culinaria recetas'),(69,'San Miguel de Allende',6,'guisado','Chiles rellenos de papa y sardina','NA','Chile poblano','San Miguel de Allende','SD',8,'Guanajuato','SD',124,'María Redondo de Williams','NA','NA','NA','NA',NULL,'MexicoUnaOdiseaCulinaria/Chilesrellenosdepapaysardina.pdf',0,NULL,'México una odisea culinaria recetas'),(70,'San Miguel de Allende',6,'guisado','Chile pasilla relleno de papa','NA','Chile pasilla','San Miguel de Allende','SD',8,'Guanajuato','SD',126,'María Redondo de Williams','NA','NA','NA','NA',NULL,'MexicoUnaOdiseaCulinaria/Chilepasillarellenodepapa.pdf',0,NULL,'México una odisea culinaria recetas'),(71,'San Miguel de Allende',6,'guisado','Pollo en menudencias','NA','SD','San Miguel de Allende','SD',8,'Guanajuato','SD',127,'Celia Hoyos de Tellez','NA','NA','NA','NA',NULL,'MexicoUnaOdiseaCulinaria/Polloenmenudencias.pdf',1,NULL,'México una odisea culinaria recetas'),(72,'Aguascalientes',7,'otro','NA','Aguascalientes','SD','Aguascalientes','SD',1,'Aguascalientes','SD',129,'SD','NA','NA','NA','NA',NULL,'MexicoUnaOdiseaCulinaria/NA_Aguascalientes.pdf',0,NULL,'México una odisea culinaria recetas'),(73,'Aguascalientes',6,'guisado','Chiles rellenos los Andrea','NA','Chile ancho','Aguascalientes','SD',1,'Aguascalientes','SD',134,'Ana de Andrea','NA','NA','NA','NA',NULL,'MexicoUnaOdiseaCulinaria/ChilesrellenoslosAndrea.pdf',0,NULL,'México una odisea culinaria recetas'),(74,'Aguascalientes',6,'guisado','Enchiladas rojas de Aguascalientes','NA','Chile ancho','Aguascalientes','SD',1,'Aguascalientes','SD',135,'Doña Petra','NA','NA','NA','NA',NULL,'MexicoUnaOdiseaCulinaria/EnchiladasrojasdeAguascalientes.pdf',0,NULL,'México una odisea culinaria recetas'),(75,'Aguascalientes',6,'guisado','Condoches','NA','Aceite de coco (coyol)','Aguascalientes','SD',1,'Aguascalientes','Acrocomia mexicana',137,'María del Refugio Martínez','NA','NA','NA','NA',NULL,'MexicoUnaOdiseaCulinaria/Condoches.pdf',0,NULL,'México una odisea culinaria recetas'),(76,'Aguascalientes',6,'guisado','Huevos con nopales y cilantro','NA','Nopal','Aguascalientes','SD',1,'Aguascalientes','SD',139,'Antonia Hernández de Gutierrez','NA','NA','NA','NA',NULL,'MexicoUnaOdiseaCulinaria/Huevosconnopalesycilantro.pdf',1,NULL,'México una odisea culinaria recetas'),(77,'Aguascalientes',6,'guisado','Lomo de cerdo en salsa de guayaba','NA','Guayaba','Aguascalientes','SD',1,'Aguascalientes','SD',140,'Cenaduria San Antonio','NA','NA','NA','NA',NULL,'MexicoUnaOdiseaCulinaria/Lomodecerdoensalsadeguayaba.pdf',0,NULL,'México una odisea culinaria recetas'),(78,'Aguascalientes',6,'guisado','Tamales sabor chocolate','NA','SD','Aguascalientes','SD',1,'Aguascalientes','SD',141,'Jesus Romo Cenadurio San Antonio','NA','NA','NA','NA',NULL,'MexicoUnaOdiseaCulinaria/Tamalessaborchocolate.pdf',0,NULL,'México una odisea culinaria recetas'),(79,'Zacatecas',7,'otro','NA','Zacatecas','NA','Zacatecas','SD',21,'Zacatecas','SD',143,'SD','NA','NA','NA','NA',NULL,'MexicoUnaOdiseaCulinaria/NA_Zacatecas.pdf',0,NULL,'México una odisea culinaria recetas'),(80,'Zacatecas',9,'postre','Chorreadas','NA','Queso de tuna','Zacatecas','SD',21,'Zacatecas','SD',146,'SD','NA','NA','NA','NA',NULL,'MexicoUnaOdiseaCulinaria/Chorreadas.pdf',0,NULL,'México una odisea culinaria recetas'),(81,'Zacatecas',6,'guisado','Papas pastores','NA','Papa silvestre o cimarron','Zacatecas','SD',21,'Zacatecas','SD',146,'María Guadalupe de Zorrilla','NA','NA','NA','NA',NULL,'MexicoUnaOdiseaCulinaria/Papaspastores.pdf',1,NULL,'México una odisea culinaria recetas'),(82,'Zacatecas',6,'guisado','Huevos baturillo','NA','SD','Zacatecas','SD',21,'Zacatecas','SD',147,'NA','NA','NA','NA','NA',NULL,'MexicoUnaOdiseaCulinaria/Huevosbaturillo.pdf',0,NULL,'México una odisea culinaria recetas'),(83,'Zacatecas',3,'botana','Chorizo para tostadas','NA','SD','Zacatecas','SD',21,'Zacatecas','SD',148,'María Guadulupe de Zorrilla','NA','NA','NA','NA',NULL,'MexicoUnaOdiseaCulinaria/Chorizoparatostadas.pdf',1,NULL,'México una odisea culinaria recetas'),(84,'Zacatecas',6,'guisado','Enchiladas zacatecanas','NA','Chile ancho','Zacatecas','SD',21,'Zacatecas','SD',149,'María Guadalupe de Zorrilla','NA','NA','NA','NA',NULL,'MexicoUnaOdiseaCulinaria/Enchiladaszacatecanas.pdf',0,NULL,'México una odisea culinaria recetas'),(85,'Zacatecas',4,'ensalada','Chayotes con natas','NA','Chile serrano, chayote','Zacatecas','SD',21,'Zacatecas','SD',150,'María Guadulpe de Zorrila','NA','NA','NA','NA',NULL,'MexicoUnaOdiseaCulinaria/Chayotesconnatas.pdf',0,NULL,'México una odisea culinaria recetas'),(86,'Zacatecas',6,'guisado','Asado de bodas jerezano','NA','Chile guajillo','Jerez','SD',21,'Zacatecas','SD',151,'SD','NA','NA','NA','NA',NULL,'MexicoUnaOdiseaCulinaria/Asadodebodasjerezano.pdf',0,NULL,'México una odisea culinaria recetas'),(87,'Zacatecas',3,'botana','Figadete para botana','NA','Chile güero','Jerez','SD',21,'Zacatecas','SD',153,'SD','NA','NA','NA','NA',NULL,'MexicoUnaOdiseaCulinaria/Figadeteparabotana.pdf',1,NULL,'México una odisea culinaria recetas'),(88,'Zacatecas',3,'botana','Guacamole jerezano','NA','Chile serrano, chile verde del norte o anaheim','Jerez','SD',21,'Zacatecas','SD',154,'Teresa Galván','NA','NA','NA','NA',NULL,'MexicoUnaOdiseaCulinaria/Guacamolejerezano.pdf',0,NULL,'México una odisea culinaria recetas'),(89,'Zacatecas',10,'salsa','Rajas de chile ancho verde','NA','Chile poblano','Jerez','SD',21,'Zacatecas','SD',155,'Raúl Escobedo Galván','NA','NA','NA','NA',NULL,'MexicoUnaOdiseaCulinaria/Rajasdechileanchoverde.pdf',0,NULL,'México una odisea culinaria recetas'),(90,'Zacatecas',2,'bebida','Refresco de la tía Mariquita','NA','SD','Zacatecas','SD',21,'Zacatecas','SD',156,'María Guadalupe de López Lara de Zorrikka','NA','NA','NA','NA',NULL,'MexicoUnaOdiseaCulinaria/RefrescodelatíaMariquita.pdf',0,NULL,'México una odisea culinaria recetas'),(91,'Zacatecas',10,'salsa','Salsa mexicana estilo jerezano','NA','Chile poblano,chile jalapeño, chile güero,chile serrano','Jerez','SD',21,'Zacatecas','SD',156,'SD','NA','NA','NA','NA',NULL,'MexicoUnaOdiseaCulinaria/Salsamexicanaestilojerezano.pdf',1,NULL,'México una odisea culinaria recetas'),(92,'Zacatecas',6,'guisado','Carne con chile güero','NA','Chile güero','Zacatecas','SD',21,'Zacatecas','SD',157,'Restaurante Bar El Paraiso','NA','NA','NA','NA',NULL,'MexicoUnaOdiseaCulinaria/Carneconchilegüero.pdf',0,NULL,'México una odisea culinaria recetas'),(93,'Zacatecas',NULL,'','Taquitos de cuero','NA','Chile serrano, aguacate','Zacatecas','SD',21,'Zacatecas','SD',158,'Restaurante Bar El Paraiso','NA','NA','NA','NA',NULL,'MexicoUnaOdiseaCulinaria/Taquitosdecuero.pdf',0,NULL,'México una odisea culinaria recetas'),(94,'Coahuila',7,'otro','NA','Coahuila: Rumbo al Norte','NA','Coahuila, Torreón','SD',4,'Coahuila','SD',160,'SD','NA','NA','NA','NA',NULL,'MexicoUnaOdiseaCulinaria/NA_Coahuila.pdf',0,NULL,'México una odisea culinaria recetas'),(95,'Coahuila',3,'botana','Chicharrón de pescado','NA','Chile de árbol','Torreón','SD',4,'Coahuila','SD',163,'Aurelia Villela','NA','NA','NA','NA',NULL,'MexicoUnaOdiseaCulinaria/Chicharróndepescado.pdf',0,NULL,'México una odisea culinaria recetas'),(96,'Coahuila',6,'guisado','Estofado de raya','NA','Chipotle en adobo','Torreón','SD',4,'Coahuila','SD',164,'Aurelia Villela','NA','NA','NA','NA',NULL,'MexicoUnaOdiseaCulinaria/Estofadoderaya.pdf',0,NULL,'México una odisea culinaria recetas'),(97,'Coahuila',7,'otro','NA','Parras, Coahuila','NA','Parras de la Fuente','SD',4,'Coahuila','SD',165,'NA','NA','NA','NA','NA',NULL,'MexicoUnaOdiseaCulinaria/NA_Coahuila_1.pdf',0,NULL,'México una odisea culinaria recetas'),(98,'Coahuila',8,'panes','Molletes de gollita','NA','SD','Parras de la Fuente','SD',4,'Coahuila','SD',167,'Georgina Flores','NA','NA','NA','NA',NULL,'MexicoUnaOdiseaCulinaria/Molletesdegollita.pdf',0,NULL,'México una odisea culinaria recetas'),(99,'Coahuila',6,'guisado','Asado de bodas estillo Parras','NA','Orégano silvestre seco, chile ancho, chile guajillo','Parras de la Fuente','SD',4,'Coahuila','SD',169,'NA','NA','NA','NA','NA','El orégano crece en las colinas circundantes','MexicoUnaOdiseaCulinaria/AsadodebodasestilloParras.pdf',1,NULL,'México una odisea culinaria recetas'),(100,'Coahuila',6,'guisado','Chilaquiles de Parras','NA','Chile ancho, chile guajillo, orégano seco','Parras de la Fuente','SD',4,'Coahuila','SD',170,'Bertha González de Morales','NA','NA','NA','NA','El orégano crece en las colinas circundantes','MexicoUnaOdiseaCulinaria/ChilaquilesdeParras.pdf',0,NULL,'México una odisea culinaria recetas'),(101,'Coahuila',6,'guisado','Chiles rellenos en salsa verde','NA','Chile serrano, orégano, chile poblano','Parras de la Fuente','SD',4,'Coahuila','SD',172,'Bertha González de Morales','NA','NA','NA','NA',NULL,'MexicoUnaOdiseaCulinaria/Chilesrellenosensalsaverde.pdf',0,NULL,'México una odisea culinaria recetas'),(102,'Chihuahua',7,'otro','NA','Chihuahua: Rumbo al norte','Trompillos','SD','Rancho Mesteñas',3,'Chihuahua','Solanum eleagnifolium',174,'SD','NA','NA','NA','NA','Se usan para cuajar la leche y preparar queso asadero','MexicoUnaOdiseaCulinaria/NA_Chihuahua.pdf',0,NULL,'México una odisea culinaria recetas'),(103,'Chihuahua',10,'salsa','Chipotles en adobo','NA','Chile chipotle mora, chiles anchos','SD','SD',3,'Chihuahua','SD',178,'SD','NA','NA','NA','NA',NULL,'MexicoUnaOdiseaCulinaria/Chipotlesenadobo.pdf',1,NULL,'México una odisea culinaria recetas'),(104,'Chihuahua',6,'guisado','Torrejas de frijol','NA','Frijol bayo, chile de la tierra','SD','Rancho Mesteñas',3,'Chihuahua','SD',180,'Socorro García de Sosa','NA','NA','NA','NA',NULL,'MexicoUnaOdiseaCulinaria/Torrejasdefrijol.pdf',0,NULL,'México una odisea culinaria recetas'),(105,'Chihuahua',10,'salsa','Salsa de Lola','NA','Chile chilaca','SD','Rancho Mesteñas',3,'Chihuahua','SD',182,'Lola','NA','NA','NA','NA',NULL,'MexicoUnaOdiseaCulinaria/SalsadeLola.pdf',0,NULL,'México una odisea culinaria recetas'),(106,'Chihuahua',6,'guisado','Puerco en Pipián','NA','Semilla de calabaza, chile guajillo y chile de la tierra','SD','Rancho Mesteñas',3,'Chihuahua','SD',183,'Cruz Estela Ramos de Sosa','NA','NA','NA','NA',NULL,'MexicoUnaOdiseaCulinaria/PuercoenPipián.pdf',1,NULL,'México una odisea culinaria recetas'),(107,'Chihuahua',6,'guisado','Papas cuarteleras','NA','Chile amarillo','SD','La Perla',3,'Chihuahua','SD',185,'María Luisa Espinoza de Rodriguez','NA','NA','NA','NA',NULL,'MexicoUnaOdiseaCulinaria/Papascuarteleras.pdf',0,NULL,'México una odisea culinaria recetas'),(108,'Chihuahua',6,'guisado','Asado en chile colorado','NA','Chile colorado de la tierra','Camargo','La Perla',3,'Chihuahua','SD',186,'María Luisa Espinoza de Rodriguez','NA','NA','NA','NA',NULL,'MexicoUnaOdiseaCulinaria/Asadoenchilecolorado.pdf',1,NULL,'México una odisea culinaria recetas'),(109,'Chihuahua',6,'guisado','Chile pasado con carne seca','NA','Chile pasados-chile verdes del norte poblano','SD','Rancho Mesteñas',3,'Chihuahua','SD',187,'Cruz Estela Ramos de Sosa','NA','NA','NA','NA',NULL,'MexicoUnaOdiseaCulinaria/Chilepasadoconcarneseca.pdf',0,NULL,'México una odisea culinaria recetas'),(110,'Chihuahua',6,'guisado','Carne seca','NA','SD','SD','SD',3,'Chihuahua','SD',188,'SD','NA','NA','NA','NA',NULL,'MexicoUnaOdiseaCulinaria/Carneseca.pdf',0,NULL,'México una odisea culinaria recetas'),(111,'Chihuahua',10,'salsa','Chiles pasados','NA','Chile verde del norte, poblanos','SD','SD',3,'Chihuahua','SD',189,'SD','NA','NA','NA','NA',NULL,'MexicoUnaOdiseaCulinaria/Chilespasados.pdf',1,NULL,'México una odisea culinaria recetas'),(112,'Chihuahua',6,'guisado','Caldillo de carne seca con fideo grueso','NA','Chile jalapeño en escabeche','SD','Rancho Mesteñas',3,'Chihuahua','SD',190,'Cruz Estela Ramos de Sosa','NA','NA','NA','NA',NULL,'MexicoUnaOdiseaCulinaria/Caldillodecarnesecaconfideogrueso.pdf',1,NULL,'México una odisea culinaria recetas'),(113,'Chihuahua',6,'guisado','Chacales estilo Ciudad Camargo','NA','Chacal o chico de Nuevo México','Camargo','SD',3,'Chihuahua','SD',191,'Rosa Hilda Nuñez','NA','NA','NA','NA','Chacales son pedazos de elote secos','MexicoUnaOdiseaCulinaria/ChacalesestiloCiudadCamargo.pdf',0,NULL,'México una odisea culinaria recetas'),(114,'Chihuahua',10,'salsa','Salsa para chacales','NA','Chile anchos, chile de árbol, chile chipotle mora','Camargo','SD',3,'Chihuahua','SD',192,'Rosa Hilda  Nuñez','NA','NA','NA','NA',NULL,'MexicoUnaOdiseaCulinaria/Salsaparachacales.pdf',1,NULL,'México una odisea culinaria recetas'),(115,'Chihuahua',10,'salsa','Salsa de Lily','NA','Chile jalapeño','Camargo','SD',3,'Chihuahua','SD',193,'Rosa Hilda Nuñez','NA','NA','NA','NA',NULL,'MexicoUnaOdiseaCulinaria/SalsadeLily.pdf',0,NULL,'México una odisea culinaria recetas'),(116,'Chihuahua',6,'guisado','Caldo de oso','NA','Bagre, chile ancho','Camargo','Lago Toronto',3,'Chihuahua','SD',193,'Jesus Casa','NA','NA','NA','NA',NULL,'MexicoUnaOdiseaCulinaria/Caldodeoso.pdf',0,NULL,'México una odisea culinaria recetas'),(117,'Chihuahua',9,'postre','Nogada','NA','SD','Camargo','SD',3,'Chihuahua','SD',195,'Estela Romo','NA','NA','NA','NA',NULL,'MexicoUnaOdiseaCulinaria/Nogada.pdf',1,NULL,'México una odisea culinaria recetas'),(139,'Estado de México',6,'guisado','Pollo en salsa de cacahuate','NA','Chile guajillo','Zacualpan de Amilpas','SD',7,'Estado de México','SD',234,'Yolanda de Suárez','NA','NA','NA','NA',NULL,'MexicoUnaOdiseaCulinaria/Polloensalsadecacahuate.pdf',0,NULL,'México una odisea culinaria recetas'),(140,'Estado de México',9,'postre','Cacahuates garapiñados','NA','SD','Zacualpan de Amilpas','SD',7,'Estado de México','SD',235,'Yolanda de Suárez','NA','NA','NA','NA',NULL,'MexicoUnaOdiseaCulinaria/Cacahuatesgarapiñados.pdf',0,NULL,'México una odisea culinaria recetas'),(141,'Morelos',7,'otro','NA','Morelos, Guajes','Jumil, cuetla, chimicuil, papaloquelite, pepicha','Zacualpan de Amilpas','SD',15,'Morelos','Atzies taxcoensis, Erebus odoratus, Cossus redtenbachi, Porophyllum macrocephallum, Porophyllum tagetoides, Leucaena esculenta spp',237,'SD','NA','NA','NA','NA',NULL,'MexicoUnaOdiseaCulinaria/NA_Morelos.pdf',0,NULL,'México una odisea culinaria recetas'),(142,'Morelos',6,'guisado','Tortitas de guajes en salsa de jitomate','NA','Guaje','SD','SD',15,'Morelos','Leucaena esculenta spp',240,'SD','NA','NA','NA','NA',NULL,'MexicoUnaOdiseaCulinaria/Tortitasdeguajesensalsadejitomate.pdf',1,NULL,'México una odisea culinaria recetas'),(143,'Morelos',6,'guisado','Guaxmole','NA','Guajes, chile serrano','Zacualpan de Amilpas','SD',15,'Morelos','SD',241,'SD','NA','NA','NA','NA',NULL,'MexicoUnaOdiseaCulinaria/Guaxmole.pdf',0,NULL,'México una odisea culinaria recetas'),(144,'Morelos',10,'salsa','Salsa de guajes','NA','Chile serrano, guaje','Zaculpan de Amilpas','SD',15,'Morelos','SD',242,'SD','NA','NA','NA','NA',NULL,'MexicoUnaOdiseaCulinaria/Salsadeguajes.pdf',1,NULL,'México una odisea culinaria recetas'),(145,'Morelos',3,'botana','Cacalas','NA','Guaje','Zacualpan de Amilpas','SD',15,'Morelos','SD',242,'SD','NA','NA','NA','NA',NULL,'MexicoUnaOdiseaCulinaria/Cacalas.pdf',0,NULL,'México una odisea culinaria recetas'),(146,'Morelos',3,'botana','Tlacoyos','NA','SD','Zacualpan de Amilpas','SD',15,'Morelos','SD',244,'Gosafat Palacios de Coot','NA','NA','NA','NA',NULL,'MexicoUnaOdiseaCulinaria/Tlacoyos.pdf',0,NULL,'México una odisea culinaria recetas'),(147,'Morelos',10,'salsa','Gallitos de Chile Jalapeño','NA','Chile jalapeño','Zacualpan de Amilpas','SD',15,'Morelos','SD',245,'Gosafat Palacios de Coot','NA','NA','NA','NA',NULL,'MexicoUnaOdiseaCulinaria/GallitosdeChileJalapeño.pdf',1,NULL,'México una odisea culinaria recetas'),(148,'Morelos',7,'otro','NA','Zacualpan de Amilpas','SD','Zacualpan de Amilpas','SD',15,'Morelos','SD',245,'SD','NA','NA','NA','NA',NULL,'MexicoUnaOdiseaCulinaria/NA_Morelos_1.pdf',0,NULL,'México una odisea culinaria recetas'),(149,'Morelos',6,'guisado','Tortas de arroz con chile pasilla','Zacualpan de Amilpas','Chile pasilla','Zacualpan de Amilpas','SD',15,'Morelos','SD',246,'Carmen Vivanco de Falfan','NA','NA','NA','NA',NULL,'MexicoUnaOdiseaCulinaria/Tortasdearrozconchilepasilla.pdf',0,NULL,'México una odisea culinaria recetas'),(150,'Morelos',7,'otro','NA','Palpan','SD','Miacatlán','Palpan de Baranda',15,'Morelos','SD',247,'SD','NA','NA','NA','NA',NULL,'MexicoUnaOdiseaCulinaria/NA_Morelos_2.pdf',0,NULL,'México una odisea culinaria recetas'),(151,'Morelos',6,'guisado','Pollo ahogado en natas','NA','Chile guajillo','Miacatlán','Palpan de Baranda',15,'Morelos','SD',249,'Noemí Tello','NA','NA','NA','NA',NULL,'MexicoUnaOdiseaCulinaria/Polloahogadoennatas.pdf',0,NULL,'México una odisea culinaria recetas'),(152,'Morelos',6,'guisado','Chilacas rellenas en natas','NA','Chile chilaca','Miacatlán','Palpan de Baranda',15,'Morelos','SD',251,'Noemi tello','NA','NA','NA','NA',NULL,'MexicoUnaOdiseaCulinaria/Chilacasrellenasennatas.pdf',1,NULL,'México una odisea culinaria recetas'),(153,'Morelos',3,'botana','Gordas de requesón','NA','Chile serrano','Miacatlán','Palpan de Baranda',15,'Morelos','SD',252,'María Arriaga','NA','NA','NA','NA',NULL,'MexicoUnaOdiseaCulinaria/Gordasderequeson.pdf',1,NULL,'México una odisea culinaria recetas'),(154,'El Estado de Puebla',7,'otro','NA','El Estado de Puebla','NA','SD','SD',14,'Puebla','SD',253,'SD','NA','NA','NA','NA',NULL,'MexicoUnaOdiseaCulinaria/NA_ElEstadodePuebla.pdf',0,NULL,'México una odisea culinaria recetas'),(155,'Estado de Puebla',6,'guisado','Enchiladas de Pixtli','NA','Chile mora, pixtli','Xicotepec','SD',14,'Puebla','Pouteria sapota',257,'SD','NA','NA','NA','NA',NULL,'MexicoUnaOdiseaCulinaria/EnchiladasdePixtli.pdf',0,NULL,'México una odisea culinaria recetas'),(156,'Estado de Puebla',6,'guisado','NA','Tamales de vigilia','Frijol ayocote, chayote, papatla, frutilla, chota','Xicotepec','SD',14,'Puebla',' Canna indica, Renealmia sp., Jatropha curcas',259,'Concha López de Garrido','NA','NA','NA','NA',NULL,'MexicoUnaOdiseaCulinaria/NA_EstadodePuebla.pdf',0,NULL,'México una odisea culinaria recetas'),(157,'Estado de Puebla',6,'guisado','Tamales de vigilia','NA','Chayote, calabacita, frijol negro, chile serrano','Xicotepec','SD',14,'Puebla','SD',259,'Concha Lópes de Garrido','NA','NA','NA','NA',NULL,'MexicoUnaOdiseaCulinaria/Tamalesdevigilia.pdf',0,NULL,'México una odisea culinaria recetas'),(158,'Estado de Puebla',6,'guisado','Tinga de pollo','NA','SD','Tulancingo de Bravo','SD',10,'Hidalgo','SD',263,'Restaurante La Fuente','NA','NA','NA','NA',NULL,'MexicoUnaOdiseaCulinaria/Tingadepollo.pdf',1,NULL,'México una odisea culinaria recetas'),(159,'Estado de Puebla',6,'guisado','Adobo','NA','Chile ancho','Xicotepec','SD',14,'Puebla','SD',264,'Hortensia Cabrera de Fagoaga','NA','NA','NA','NA',NULL,'MexicoUnaOdiseaCulinaria/Adobo.pdf',1,NULL,'México una odisea culinaria recetas'),(160,'Estado de Puebla',6,'guisado','Tasajo de cerdo','NA','SD','Xicotepec','SD',14,'Puebla','SD',265,'SD','NA','NA','NA','NA',NULL,'MexicoUnaOdiseaCulinaria/Tasajodecerdo.pdf',0,NULL,'México una odisea culinaria recetas'),(161,'Estado de Puebla',6,'guisado','Chuletas de cerdo adobadas','NA','SD','Xicotepec','SD',14,'Puebla','SD',266,'SD','NA','NA','NA','NA',NULL,'MexicoUnaOdiseaCulinaria/Chuletasdecerdoadobadas.pdf',0,NULL,'México una odisea culinaria recetas'),(162,'Estado de Puebla',6,'guisado','Cerdo en adobo','NA','SD','Xicotepec','SD',14,'Puebla','SD',266,'SD','NA','NA','NA','NA',NULL,'MexicoUnaOdiseaCulinaria/Cerdoenadobo.pdf',1,NULL,'México una odisea culinaria recetas'),(163,'Estado de Puebla',7,'otro','NA','Cuetzalan Puebla','Xocoyol, flor roja de acayote','Cuetzalan del Progreso','Xocoloyo',14,'Puebla','SD',268,'SD','NA','NA','NA','NA',NULL,'MexicoUnaOdiseaCulinaria/NA_EstadodePuebla_1.pdf',0,NULL,'México una odisea culinaria recetas'),(164,'Estado de Puebla',6,'guisado','Frijoles gordos de xocoyol','NA','Acayote, xocoyol, chile de árbol','Cuetzalan del Progreso','SD',14,'Puebla','SD',269,'SD','NA','NA','NA','NA',NULL,'MexicoUnaOdiseaCulinaria/Frijolesgordosdexocoyol.pdf',1,NULL,'México una odisea culinaria recetas'),(165,'Estado de Puebla',6,'guisado','Xocoyol tipo chorizo','NA','Chile ancho, chile guajillo, xocoyol','Cuetzalan del Progreso','SD',14,'Puebla','SD',270,'SD','NA','NA','NA','NA',NULL,'MexicoUnaOdiseaCulinaria/Xocoyoltipochorizo.pdf',0,NULL,'México una odisea culinaria recetas'),(166,'Estado de Puebla',10,'salsa','Chilatis','NA','Pepita, chile de árbol','Cuetzalan del Progreso','SD',14,'Puebla','SD',272,'SD','NA','NA','NA','NA',NULL,'MexicoUnaOdiseaCulinaria/Chilatis.pdf',0,NULL,'México una odisea culinaria recetas'),(167,'Estado de Puebla',6,'guisado','Xocoastole','NA','Maíz, acoyote, chile serrano seco largo rojo','SD','Santa Ana',14,'Puebla','SD',272,'SD','NA','NA','NA','NA',NULL,'MexicoUnaOdiseaCulinaria/Xocoastole.pdf',0,NULL,'México una odisea culinaria recetas'),(167,'Estado de Puebla',6,'guisado','Pollo en pipián verde','NA','Pepita de calabaza, chile jalapeño, hoja santa','SD','Santa Ana',14,'Puebla','SD',276,'SD','NA','NA','NA','NA',NULL,'MexicoUnaOdiseaCulinaria/Polloenpipiánverde.pdf',1,NULL,'México una odisea culinaria recetas'),(168,'Estado de Puebla',7,'otro','NA','Hojas de aguacate','SD','SD','SD',14,'Puebla','SD',278,'SD','NA','NA','NA','NA',NULL,'MexicoUnaOdiseaCulinaria/NA_EstadodePuebla_2.pdf',0,NULL,'México una odisea culinaria recetas'),(169,'Estado de Puebla',7,'otro','Tamales de frijol','NA','Frijol flor de mayo, canario, hoja de aguacate','SD','Santa Ana',14,'Puebla','SD',279,'SD','NA','NA','NA','NA',NULL,'MexicoUnaOdiseaCulinaria/Tamalesdefrijol_EstadodePuebla.pdf',0,NULL,'México una odisea culinaria recetas'),(170,'Estado de Puebla',6,'guisado','Mole Miahuateco','NA','Chile miahuateco o mulato, chocolate mexicano','Tehuacán','SD',14,'Puebla','SD',280,'Sara de Jesus Robledo','NA','NA','NA','NA',NULL,'MexicoUnaOdiseaCulinaria/MoleMiahuateco.pdf',0,NULL,'México una odisea culinaria recetas'),(171,'El Golfo',7,'otro','NA','Veracruz','Xoco, xonequi','SD','SD',20,'Veracruz de Ignacio de la Llave','SD',286,'SD','NA','NA','NA','NA',NULL,'MexicoUnaOdiseaCulinaria/NA_ElGolfo.pdf',0,NULL,'México una odisea culinaria recetas'),(172,'Veracruz',6,'guisado','Mole de Xico','NA','Chile mulato, Chile pasilla','Xico','SD',20,'Veracruz de Ignacio de la Llave','SD',291,'Rosario Flores','NA','NA','NA','NA',NULL,'MexicoUnaOdiseaCulinaria/MoledeXico.pdf',0,NULL,'México una odisea culinaria recetas'),(173,'Veracruz',6,'guisado','Huevos al comal','NA','Hoja santa','Xalapa','SD',20,'Veracruz de Ignacio de la Llave','SD',293,'Carmen Ramírez Degollada','NA','NA','NA','NA',NULL,'MexicoUnaOdiseaCulinaria/Huevosalcomal.pdf',1,NULL,'México una odisea culinaria recetas'),(174,'Veracruz',6,'guisado','Xonequi','NA','Frijol negro, chile chipotle mora, xonequi','Xico','SD',20,'Veracruz de Ignacio de la Llave','SD',294,'Dolores Guavichi  de Galván','NA','NA','NA','NA',NULL,'MexicoUnaOdiseaCulinaria/Xonequi.pdf',0,NULL,'México una odisea culinaria recetas'),(175,'Veracruz',6,'guisado','Salsa de chile seco','NA','Chile ancho, chile chipotle mora','Xico','SD',20,'Veracruz de Ignacio de la Llave','SD',296,'SD','NA','NA','NA','NA',NULL,'MexicoUnaOdiseaCulinaria/Salsadechileseco.pdf',0,NULL,'México una odisea culinaria recetas'),(176,'Veracruz',6,'guisado','Camarones verdes','NA','Chile jalapeño, hoja santa, hoja de aguacate','SD','SD',20,'Veracruz de Ignacio de la Llave','SD',297,'Carmela del Valle','NA','NA','NA','NA',NULL,'MexicoUnaOdiseaCulinaria/Camaronesverdes.pdf',1,NULL,'México una odisea culinaria recetas'),(177,'Veracruz',6,'guisado','Gorditas de frijol','NA','SD','Xalapa','SD',20,'Veracruz de Ignacio de la Llave','SD',299,'SD','NA','NA','NA','NA',NULL,'MexicoUnaOdiseaCulinaria/Gorditasdefrijol.pdf',0,NULL,'México una odisea culinaria recetas'),(178,'Veracruz',6,'guisado','Frijol negro para groditas','NA','Frijol negro, hoja de aguacate','SD','SD',20,'Veracruz de Ignacio de la Llave','SD',300,'SD','NA','NA','NA','NA',NULL,'MexicoUnaOdiseaCulinaria/Frijolnegroparagroditas.pdf',0,NULL,'México una odisea culinaria recetas'),(179,'Veracruz',6,'guisado','Pollo al ajillo','NA','Chile ancho, chile guajillo','SD','SD',20,'Veracruz de Ignacio de la Llave','SD',301,'Hotel Salmones','NA','NA','NA','NA',NULL,'MexicoUnaOdiseaCulinaria/Polloalajillo.pdf',1,NULL,'México una odisea culinaria recetas'),(180,'Veracruz',6,'guisado','Tamal de cazuela','NA','Chile ancho, hoja santa','Tlacotalpan','SD',20,'Veracruz de Ignacio de la Llave','SD',303,'María Elena Romero','NA','NA','NA','NA',NULL,'MexicoUnaOdiseaCulinaria/Tamaldecazuela.pdf',0,NULL,'México una odisea culinaria recetas'),(181,'Veracruz',6,'guisado','Plátanos rellenos','NA','SD','Tlacotalpan','SD',20,'Veracruz de Ignacio de la Llave','SD',304,'María Elena Romero','NA','NA','NA','NA',NULL,'MexicoUnaOdiseaCulinaria/Plátanosrellenos.pdf',0,NULL,'México una odisea culinaria recetas'),(182,'Veracruz',6,'guisado','Arroz verde','NA','Chile jalapeño, cilantro','Tlacotalpan','SD',20,'Veracruz de Ignacio de la Llave','SD',306,'María Elena Romero','NA','NA','NA','NA',NULL,'MexicoUnaOdiseaCulinaria/Arrozverde.pdf',0,NULL,'México una odisea culinaria recetas'),(183,'Veracruz',9,'postre','Buñuelos de almendar','NA','SD','Tlacotalpan','SD',20,'Veracruz de Ignacio de la Llave','SD',307,'SD','NA','NA','NA','NA',NULL,'MexicoUnaOdiseaCulinaria/Buñuelosdealmendar.pdf',1,NULL,'México una odisea culinaria recetas'),(184,'Veracruz',6,'guisado','Minilla','NA','SD','SD','SD',20,'Veracruz de Ignacio de la Llave','SD',308,'Ricardo Muñoz','NA','NA','NA','NA',NULL,'MexicoUnaOdiseaCulinaria/Minilla.pdf',0,NULL,'México una odisea culinaria recetas'),(185,'Veracruz',7,'otro','NA','La Cocina de Doña Iris','Acamayas, jobo, chile chlipaya, cruzeta','Apazapan','SD',20,'Veracruz de Ignacio de la Llave','SD',309,'NA','NA','NA','NA','NA',NULL,'MexicoUnaOdiseaCulinaria/NA_Veracruz.pdf',0,NULL,'México una odisea culinaria recetas'),(186,'Veracruz',6,'guisado','Pipian de acamayas','NA','Chile ancho, chile piquín, pepitas, nopales','Apazapan','SD',20,'Veracruz de Ignacio de la Llave','SD',312,'Doña Iris','NA','NA','NA','NA',NULL,'MexicoUnaOdiseaCulinaria/Pipiandeacamayas.pdf',1,NULL,'México una odisea culinaria recetas'),(187,'Veracruz',6,'guisado','Frigoles negros con pepitas y hoja santa','NA','Frijol negro, pepitas, hoja santa, chile serrano','Apazapan','SD',20,'Veracruz de Ignacio de la Llave','SD',313,'Doña Iris','NA','NA','NA','NA',NULL,'MexicoUnaOdiseaCulinaria/Frigolesnegrosconpepitasyhojasanta.pdf',0,NULL,'México una odisea culinaria recetas'),(188,'Veracruz',10,'salsa','Salsa de camarón','NA','Chile jalapeño','Apazapan','SD',20,'Veracruz de Ignacio de la Llave','SD',314,'Doña Iris','NA','NA','NA','NA',NULL,'MexicoUnaOdiseaCulinaria/Salsadecamaron.pdf',1,NULL,'México una odisea culinaria recetas'),(189,'Veracruz',10,'salsa','Salsa de cacahuate','NA','Chile chipotle mora','Apazapan','SD',20,'Veracruz de Ignacio de la Llave','SD',315,'SD','NA','NA','NA','NA',NULL,'MexicoUnaOdiseaCulinaria/Salsadecacahuate.pdf',0,NULL,'México una odisea culinaria recetas'),(190,'Veracruz',7,'otro','NA','Catemaco','Tomate de monte, togololos, topotes, chile chipaya','Catemaco','SD',20,'Veracruz de Ignacio de la Llave','SD',316,'SD','NA','NA','NA','NA',NULL,'MexicoUnaOdiseaCulinaria/NA_Veracruz_1.pdf',0,NULL,'México una odisea culinaria recetas'),(191,'Veracruz',10,'salsa','Chile pastor','NA','Echalotes, chile serrano, cebollín','Santiago Tuxtla','SD',20,'Veracruz de Ignacio de la Llave','SD',318,'María Antonia Rábago de Bustamanete','NA','NA','NA','NA',NULL,'MexicoUnaOdiseaCulinaria/Chilepastor.pdf',1,NULL,'México una odisea culinaria recetas'),(192,'Veracruz',6,'guisado','Anguila guisada','NA','Anguilas, chile jalapeño','Catemaco','SD',20,'Veracruz de Ignacio de la Llave','SD',319,'Restaurante Los Sauces','NA','NA','NA','NA',NULL,'MexicoUnaOdiseaCulinaria/Anguilaguisada.pdf',0,NULL,'México una odisea culinaria recetas'),(193,'Veracruz',10,'salsa','Chile limón','NA','Chile chilpaya, limón criollo','Catemaco','SD',20,'Veracruz de Ignacio de la Llave','SD',320,'SD','NA','NA','NA','NA',NULL,'MexicoUnaOdiseaCulinaria/Chilelimón.pdf',0,NULL,'México una odisea culinaria recetas'),(194,'Tabasco',7,'otro','NA','Tabasco','Jicacos, perejil, matali, hoja blanca, pimienta gorda, cocohite, capulines','SD','SD',18,'Tabasco','SD',321,'SD','NA','NA','NA','NA',NULL,'MexicoUnaOdiseaCulinaria/NA_Tabasco.pdf',0,NULL,'México una odisea culinaria recetas'),(195,'Tabasco',6,'guisado','Ixguá','NA','Elote, chile habanero','Emiliano Zapata','SD',18,'Tabasco','SD',329,'Sra Evangelina','NA','NA','NA','NA',NULL,'MexicoUnaOdiseaCulinaria/Ixguá.pdf',1,NULL,'México una odisea culinaria recetas'),(196,'Tabasco',11,'sopa','Arroz blanco tabasqueño','NA','chile pimiento verde','SD','SD',18,'Tabasco','SD',331,'SD','NA','NA','NA','NA',NULL,'MexicoUnaOdiseaCulinaria/Arrozblancotabasqueño.pdf',0,NULL,'México una odisea culinaria recetas'),(197,'Tabasco',7,'otro','NA','Chaya','Chaya','SD','SD',18,'Tabasco','Cnidoscolus chayamansa',332,'SD','NA','NA','NA','NA',NULL,'MexicoUnaOdiseaCulinaria/NA_Tabasco_1.pdf',0,NULL,'México una odisea culinaria recetas'),(198,'Tabasco',6,'guisado','Tamales de chaya de tía Toña','NA','Chaya, hoja de plátano','Emiliano Zapata','SD',18,'Tabasco','SD',333,'Tia Toña','NA','NA','NA','NA',NULL,'MexicoUnaOdiseaCulinaria/TamalesdechayadetíaToña.pdf',1,NULL,'México una odisea culinaria recetas'),(199,'Tabasco',6,'guisado','Tamales de chaya de Ricardo','NA','Chaya, chile serrano','SD','SD',18,'Tabasco','SD',335,'Ricardo Muñoz','NA','NA','NA','NA',NULL,'MexicoUnaOdiseaCulinaria/TamalesdechayadeRicardo.pdf',0,NULL,'México una odisea culinaria recetas'),(200,'Tabasco',6,'guisado','Masa para tamales de chaya','NA','Maíz','SD','SD',18,'Tabasco','SD',335,'SD','NA','NA','NA','NA',NULL,'MexicoUnaOdiseaCulinaria/Masaparatamalesdechaya.pdf',0,NULL,'México una odisea culinaria recetas'),(201,'Tabasco',10,'salsa','Chile frito','NA','Chile amashito','SD','SD',18,'Tabasco','SD',336,'SD','NA','NA','NA','NA',NULL,'MexicoUnaOdiseaCulinaria/Chilefrito.pdf',1,NULL,'México una odisea culinaria recetas'),(202,'Tabasco',6,'guisado','Longaniza','NA','Achiote, naranja agria','Emiliano Zapata','SD',18,'Tabasco','SD',337,'Yudelia Abreu de Lara','NA','NA','NA','NA',NULL,'MexicoUnaOdiseaCulinaria/Longaniza.pdf',0,NULL,'México una odisea culinaria recetas'),(203,'Tabasco',3,'botana','Chilaquil de chicharrón','NA','Chile amashito, achiote, naranja agria','Emiliano Zapata','SD',18,'Tabasco','SD',339,'Yudelia Abreu de Lara','NA','NA','NA','NA',NULL,'MexicoUnaOdiseaCulinaria/Chilaquildechicharrón.pdf',0,NULL,'México una odisea culinaria recetas'),(204,'Tabasco',6,'guisado','Tostones de plátano','NA','SD','Villahermosa','SD',18,'Tabasco','SD',341,'Restaurante los Tulipanes','NA','NA','NA','NA',NULL,'MexicoUnaOdiseaCulinaria/Tostonesdeplátano.pdf',1,NULL,'México una odisea culinaria recetas'),(205,'Tabasco',6,'guisado','Pollo en chirmol','NA','Chile ancho, pepitas de calabaza, achiote, chiles amashitos','Emiliano Zapata','SD',18,'Tabasco','SD',342,'Patricia Zurita de muñoz','NA','NA','NA','NA',NULL,'MexicoUnaOdiseaCulinaria/Polloenchirmol.pdf',0,NULL,'México una odisea culinaria recetas'),(206,'Tabasco',6,'guisado','Esferitas de mas','NA','SD','Emiliano Zapata','SD',18,'Tabasco','SD',344,'SD','NA','NA','NA','NA',NULL,'MexicoUnaOdiseaCulinaria/Esferitasdemas.pdf',0,NULL,'México una odisea culinaria recetas'),(207,'Tabasco',6,'guisado','Pescado al vapor','NA','Chile dulce verde, chile habanero','SD','SD',18,'Tabasco','SD',344,'65 recetas para saborear pescado, Gobierno de Tabasco','NA','NA','NA','NA',NULL,'MexicoUnaOdiseaCulinaria/Pescadoalvapor.pdf',1,NULL,'México una odisea culinaria recetas'),(208,'Tabasco',6,'guisado','Mone de pescado I','NA','Hoja santa, chile dulce','SD','SD',18,'Tabasco','SD',346,'Hilda de Gómez Taglie','NA','NA','NA','NA',NULL,'MexicoUnaOdiseaCulinaria/MonedepescadoI.pdf',0,NULL,'México una odisea culinaria recetas'),(209,'Tabasco',6,'guisado','Mone de pescado II','NA','Hoja santa, chile x-cat-ik','SD','SD',18,'Tabasco','SD',347,'Ricardo Muñoz Zurita','NA','NA','NA','NA',NULL,'MexicoUnaOdiseaCulinaria/MonedepescadoII.pdf',1,NULL,'México una odisea culinaria recetas'),(210,'Tabasco',6,'guisado','Tamales colados','NA','Maíz','Emiliano Zapata','SD',18,'Tabasco','SD',348,'Hilda Zurita','NA','NA','NA','NA',NULL,'MexicoUnaOdiseaCulinaria/Tamalescolados.pdf',0,NULL,'México una odisea culinaria recetas'),(211,'Tabasco',6,'guisado','Relleno para tamales colados','NA','Chile habanero, achiote, pepitas, orégano de Yucatán','Emiliano Zapara','SD',18,'Tabasco','SD',352,'Hilda Zurita','NA','NA','NA','NA',NULL,'MexicoUnaOdiseaCulinaria/Rellenoparatamalescolados.pdf',0,NULL,'México una odisea culinaria recetas'),(212,'Tabasco',6,'guisado','Socuco','NA','Hoja blanca,  chile habanero, achiote','Emiliano Zapata','SD',18,'Tabasco','SD',353,'Hilda Captedon','NA','NA','NA','NA',NULL,'MexicoUnaOdiseaCulinaria/Socuco.pdf',1,NULL,'México una odisea culinaria recetas'),(213,'Tabasco',10,'salsa','Salsa de chile','NA','Chile amashito, jugo de naranja agria','SD','SD',18,'Tabasco','Capsicum annuum spp',355,'SD','NA','NA','NA','NA',NULL,'MexicoUnaOdiseaCulinaria/Salsadechile.pdf',0,NULL,'México una odisea culinaria recetas'),(214,'Tabasco',6,'guisado','Tortillas rellenas en mojo de ajo','NA','Achiote','SD','SD',18,'Tabasco','SD',356,'La Palapa, de Frontera','NA','NA','NA','NA',NULL,'MexicoUnaOdiseaCulinaria/Tortillasrellenasenmojodeajo.pdf',0,NULL,'México una odisea culinaria recetas'),(215,'Tabasco',6,'guisado','Relleno de camarón','NA','Chile dulce','SD','SD',18,'Tabasco','SD',357,'SD','NA','NA','NA','NA',NULL,'MexicoUnaOdiseaCulinaria/Rellenodecamaron.pdf',1,NULL,'México una odisea culinaria recetas'),(216,'Campeche',7,'otro','NA','Campeche','Marañón, chile dulce, orégano fresco,','SD','SD',2,'Campeche','SD',358,'SD','NA','NA','NA','NA',NULL,'MexicoUnaOdiseaCulinaria/NA_Campeche.pdf',0,NULL,'México una odisea culinaria recetas'),(217,'Campeche',6,'guisado','Cazón asado frito','NA','Chile habanero, chile seco yucateco, naranja agria','SD','SD',2,'Campeche','SD',367,'Manuela Chuc','NA','NA','NA','NA',NULL,'MexicoUnaOdiseaCulinaria/Cazónasadofrito.pdf',0,NULL,'México una odisea culinaria recetas'),(218,'Campeche',6,'guisado','Tortitas de cazón guisadas','NA','Achiote, chile dulce, chile x-cat-ik','SD','SD',2,'Campeche','SD',368,'Sra Castro','NA','NA','NA','NA',NULL,'MexicoUnaOdiseaCulinaria/Tortitasdecazónguisadas.pdf',1,NULL,'México una odisea culinaria recetas'),(219,'Campeche',6,'guisado','Jarochitos en forma de tamales','NA','Cazón','SD','SD',2,'Campeche','SD',369,'Manuela Chuc','NA','NA','NA','NA',NULL,'MexicoUnaOdiseaCulinaria/Jarochitosenformadetamales.pdf',0,NULL,'México una odisea culinaria recetas'),(220,'Campeche',6,'guisado','Jarochitos en caldo de frijol','NA','Frijol negro, chile habanero','SD','SD',2,'Campeche','SD',370,'María Esther Pérez Campos','NA','NA','NA','NA',NULL,'MexicoUnaOdiseaCulinaria/Jarochitosencaldodefrijol.pdf',0,NULL,'México una odisea culinaria recetas'),(221,'Campeche',6,'guisado','Cherna en su jugo','NA','Pasta de achiote, naranja agria, chile dulce, chile x-cat-ik','SD','SD',2,'Campeche','SD',372,'María Dolores Cel','NA','NA','NA','NA',NULL,'MexicoUnaOdiseaCulinaria/Chernaensujugo.pdf',1,NULL,'México una odisea culinaria recetas'),(222,'Campeche',6,'guisado','Ibes guisados','NA','Frijolitos blancos, achiote','SD','SD',2,'Campeche','SD',373,'Concepción Gala','NA','NA','NA','NA',NULL,'MexicoUnaOdiseaCulinaria/Ibesguisados.pdf',1,NULL,'México una odisea culinaria recetas'),(223,'Campeche',6,'guisado','Pescado en ma\'cum','NA','Achiote, jugo de naranja, chile x-cat-ik','SD','SD',2,'Campeche','SD',374,'Socorro Castro','NA','NA','NA','NA',NULL,'MexicoUnaOdiseaCulinaria/Pescadoenmacum.pdf',0,NULL,'México una odisea culinaria recetas'),(224,'Campeche',6,'guisado','Bistek en vira vira','NA','Naranja agria','SD','SD',2,'Campeche','SD',375,'Concepción Gala','NA','NA','NA','NA',NULL,'MexicoUnaOdiseaCulinaria/Bistekenviravira.pdf',1,NULL,'México una odisea culinaria recetas'),(225,'La Costa Sur del Pacífico',7,'otro','NA','Guerrero','Flores de colorín, timbiriches, chumilines negros, frijol silvestre epatlaxtli, tlanipan, Flores rojas de frijol, cebolla roja, camotes, frijoles rojos montañeros, jitomate criollo, cuajilote, anis de campo, acatlecos, mochitecos, joyeños, joya, chilaca,','Chilapa de Álvarez','SD',9,'Guerrero','SD',378,'SD','NA','NA','NA','NA',NULL,'MexicoUnaOdiseaCulinaria/NA_LaCostaSurdelPacífico.pdf',0,NULL,'México una odisea culinaria recetas'),(226,'Guerrero',8,'panes','Pan de huevo corriente','NA','SD','SD','SD',9,'Guerrero','SD',385,'SD','NA','NA','NA','NA',NULL,'MexicoUnaOdiseaCulinaria/Pandehuevocorriente.pdf',0,NULL,'México una odisea culinaria recetas'),(227,'Guerrero',6,'guisado','Mole verde','NA','Pepita, lengua de vaca, hoja santa','Chilapa de Álvarez','SD',9,'Guerrero','SD',386,'María Gutiérrez','NA','NA','NA','NA',NULL,'MexicoUnaOdiseaCulinaria/Moleverde.pdf',0,NULL,'México una odisea culinaria recetas'),(228,'Guerrero',6,'guisado','Quesadillas de verduras','NA','SD','Chilapa de Álvarez','SD',9,'Guerrero','SD',388,'SD','NA','NA','NA','NA',NULL,'MexicoUnaOdiseaCulinaria/Quesadillasdeverduras.pdf',1,NULL,'México una odisea culinaria recetas'),(229,'Guerrero',6,'guisado','Adobo','NA','Chile guajillo','Chilapa de Álvarez','SD',9,'Guerrero','SD',389,'María de Jesus Sánchez','NA','NA','NA','NA',NULL,'MexicoUnaOdiseaCulinaria/Adobo.pdf',0,NULL,'México una odisea culinaria recetas'),(275,'Rarezas',7,'otro','NA','Hongos','Hongo silvestre','SD','SD',NULL,'Michoacán, Puebla,','SD',477,'SD','NA','NA','NA','NA',NULL,'MexicoUnaOdiseaCulinaria/NA_Rarezas_1.pdf',0,NULL,'México una odisea culinaria recetas'),(276,'Rarezas',7,'otro','NA','Caceria de Hongos','SD','SD','SD',14,'Puebla','SD',479,'SD','NA','NA','NA','NA',NULL,'MexicoUnaOdiseaCulinaria/NA_Rarezas_2.pdf',0,NULL,'México una odisea culinaria recetas'),(277,'Rarezas',6,'guisado','Oreja de puerco guisada para quesadillas','NA','Hongo oreja de puerco','SD','Sierra Norte de Puebla',14,'Puebla','Hypomyces lactifluorum',481,'SD','NA','NA','NA','NA',NULL,'MexicoUnaOdiseaCulinaria/Orejadepuercoguisadaparaquesadillas.pdf',0,NULL,'México una odisea culinaria recetas'),(278,'Rarezas',6,'guisado','Hongos de Llano guisados','NA','Honguitos','SD','SD',NULL,'SD','Agaricus campestris',482,'SD','NA','NA','NA','NA',NULL,'MexicoUnaOdiseaCulinaria/HongosdeLlanoguisados.pdf',1,NULL,'México una odisea culinaria recetas'),(279,'Rarezas',6,'guisado','Pata de pájaro en molito','NA','Hongo pata de pájaro','SD','SD',12,'México','Ramaria spp.',483,'Agustina Vásquez de Lascano','NA','NA','NA','NA',NULL,'MexicoUnaOdiseaCulinaria/Patadepajaroenmolito.pdf',0,NULL,'México una odisea culinaria recetas'),(280,'Rarezas',6,'guisado','Hongos trompetas para tacos','NA','Hongo oreja de puerco','SD','SD',NULL,'Michoacán de Oacampo','Hypomyces lactifluorum',484,'Hortensia Cabrera de Fagoaga','NA','NA','NA','NA',NULL,'MexicoUnaOdiseaCulinaria/Hongostrompetasparatacos.pdf',0,NULL,'México una odisea culinaria recetas'),(281,'Rarezas',6,'guisado','Hongos amarillos en salsa verde','NA','Hongo amarillo','Ixtapaluca','Río Frío',12,'México','Amanita caesarea',485,'Agustina Vásquez de Lascaño','NA','NA','NA','NA',NULL,'MexicoUnaOdiseaCulinaria/Hongosamarillosensalsaverde.pdf',1,NULL,'México una odisea culinaria recetas'),(282,'Rarezas',6,'guisado','Hongos azules con crema','NA','Hongo azule','SD','SD',13,'Michoacán de Ocampo','Lactarius indigo',486,'SD','NA','NA','NA','NA',NULL,'MexicoUnaOdiseaCulinaria/Hongosazulesconcrema.pdf',0,NULL,'México una odisea culinaria recetas'),(283,'Rarezas',6,'guisado','Calabacitas con hongos','NA','Hongo clavito, chile poblano','SD','SD',NULL,'SD','Leophyllum decastes',487,'SD','NA','NA','NA','NA',NULL,'MexicoUnaOdiseaCulinaria/Calabacitasconhongos.pdf',0,NULL,'México una odisea culinaria recetas'),(284,'Rarezas',6,'guisado','Patas de pollo con rajas','NA','Hongo pata de pollo','Ixtapaluca','Río Frío',12,'México','SD',489,'SD','NA','NA','NA','NA',NULL,'MexicoUnaOdiseaCulinaria/Patasdepolloconrajas.pdf',0,NULL,'México una odisea culinaria recetas'),(285,'Antiguos recetarios mexicanos',7,'otro','NA','Antiguos recetarios mexicanos','SD','SD','SD',NULL,'SD','SD',490,'SD','NA','NA','NA','NA',NULL,'MexicoUnaOdiseaCulinaria/NA_Antiguosrecetariosmexicanos.pdf',0,NULL,'México una odisea culinaria recetas'),(286,'Antiguos recetarios mexicanos',6,'guisado','Calabacitas rellenas de flor','NA','Flor de calabaza, calabacitas','SD','SD',NULL,'SD','SD',493,'El cocinero mexicano en froma de diccionario','NA','NA','NA','NA',NULL,'MexicoUnaOdiseaCulinaria/Calabacitasrellenasdeflor.pdf',0,NULL,'México una odisea culinaria recetas'),(287,'Antiguos recetarios mexicanos',10,'salsa','Salsa de chile macho','NA','Chile ancho, chile pasilla','SD','SD',NULL,'SD','SD',494,'Diccionario de cocina','NA','NA','NA','NA',NULL,'MexicoUnaOdiseaCulinaria/Salsadechilemacho.pdf',1,NULL,'México una odisea culinaria recetas'),(288,'Antiguos recetarios mexicanos',7,'otro','NA','Cocinando, y otras cosas, tal y como se hacía en 1877','SD','SD','SD',NULL,'SD','SD',495,'Cocina Poblana','NA','NA','NA','NA',NULL,'MexicoUnaOdiseaCulinaria/NA_Antiguosrecetariosmexicanos_1.pdf',0,NULL,'México una odisea culinaria recetas'),(289,'Antiguos recetarios mexicanos',6,'guisado','Chiles rellenos de acelgas y chícharos','NA','Chile poblano','SD','SD',14,'Puebla','SD',498,'Cocina Poblana','NA','NA','NA','NA',NULL,'MexicoUnaOdiseaCulinaria/Chilesrellenosdeacelgasychicharos.pdf',0,NULL,'México una odisea culinaria recetas'),(290,'Antiguos recetarios mexicanos',6,'guisado','Pancita en mole','NA','Chile mulato','SD','SD',14,'Puebla','SD',500,'Cocina Poblana','NA','NA','NA','NA',NULL,'MexicoUnaOdiseaCulinaria/Pancitaenmole.pdf',0,NULL,'México una odisea culinaria recetas'),(291,'Antiguos recetarios mexicanos',11,'sopa','Arroz con chile ancho','NA','Chile ancho','SD','SD',14,'Puebla','SD',502,'La cocinera poblana 1877','NA','NA','NA','NA',NULL,'MexicoUnaOdiseaCulinaria/Arrozconchileancho.pdf',1,NULL,'México una odisea culinaria recetas'),(292,'Antiguos recetarios mexicanos',6,'guisado','Papas con chile','NA','Papas, chile poblano','SD','SD',14,'Puebla','SD',502,'La cocinera poblana 1877','NA','NA','NA','NA',NULL,'MexicoUnaOdiseaCulinaria/Papasconchile.pdf',1,NULL,'México una odisea culinaria recetas'),(293,'Antiguos recetarios mexicanos',7,'otro','NA','Libro de cocina, Toluca, 1985','SD','Toluca','SD',12,'México','SD',503,'Cocina (Toluca 1985)','NA','NA','NA','NA',NULL,'MexicoUnaOdiseaCulinaria/NA_Antiguosrecetariosmexicanos_2.pdf',0,NULL,'México una odisea culinaria recetas'),(294,'Antiguos recetarios mexicanos',6,'guisado','Chile jaral en frío','NA','chile jaral (ancho)','Toluca','SD',12,'México','SD',504,'Cocina (Toluca 1985)','NA','NA','NA','NA',NULL,'MexicoUnaOdiseaCulinaria/Chilejaralenfrio.pdf',0,NULL,'México una odisea culinaria recetas'),(295,'Antiguos recetarios mexicanos',6,'guisado','Entomatado','NA','Semilla de alcaravea, chile ancho,','Toluca','SD',12,'México','SD',506,'Cocina (Toluca 1985)','NA','NA','NA','NA',NULL,'MexicoUnaOdiseaCulinaria/Entomatado.pdf',0,NULL,'México una odisea culinaria recetas'),(296,'Antiguos recetarios mexicanos',6,'guisado','Chiles poblanos rellenos de salsa de aguacate','NA','Chile poblano','Toluca','SD',12,'México','SD',507,'Cocina (Toluca 1985)','NA','NA','NA','NA',NULL,'MexicoUnaOdiseaCulinaria/Chilespoblanosrellenosdesalsadeaguacate.pdf',1,NULL,'México una odisea culinaria recetas'),(297,'Antiguos recetarios mexicanos',6,'guisado','Torta de flor de calabaza','NA','Chile poblano, flor de calabaza','Toluca','SD',12,'México','SD',508,'Cocina (Toluca 1985)','NA','NA','NA','NA',NULL,'MexicoUnaOdiseaCulinaria/Tortadeflordecalabaza.pdf',0,NULL,'México una odisea culinaria recetas'),(298,'Antiguos recetarios mexicanos',6,'guisado','Flores de calabaza cocida','NA','Flor de calabaza','Toluca','SD',12,'México','SD',510,'Cocina (Toluca 1985)','NA','NA','NA','NA',NULL,'MexicoUnaOdiseaCulinaria/Floresdecalabazacocida.pdf',1,NULL,'México una odisea culinaria recetas'),(299,'Antiguos recetarios mexicanos',6,'guisado','Tamales de San Luis','NA','Chile poblano, chile ancho','Toluca','SD',12,'México','SD',510,'Cocina (Toluca 1985)','NA','NA','NA','NA',NULL,'MexicoUnaOdiseaCulinaria/TamalesdeSanLuis.pdf',0,NULL,'México una odisea culinaria recetas'),(300,'Antiguos recetarios mexicanos',7,'otro','NA','Novísimo arte de cocina 1831','SD','SD','SD',6,'DF','SD',513,'Novísimo arte de cocina, 1831','NA','NA','NA','NA',NULL,'MexicoUnaOdiseaCulinaria/NA_Antiguosrecetariosmexicanos_3.pdf',0,NULL,'México una odisea culinaria recetas'),(301,'Antiguos recetarios mexicanos',4,'ensalada','Ensalada de col','NA','SD','SD','SD',6,'DF','SD',513,'Novísimo arte de cocina, 1831','NA','NA','NA','NA',NULL,'MexicoUnaOdiseaCulinaria/Ensaladadecol.pdf',0,NULL,'México una odisea culinaria recetas'),(302,'Antiguos recetarios mexicanos',6,'guisado','Frijoles para vigilia','NA','Frijol negro','SD','SD',6,'DF','SD',514,'Novísimo arte de cocina, 1831','NA','NA','NA','NA',NULL,'MexicoUnaOdiseaCulinaria/Frijolesparavigilia.pdf',1,NULL,'México una odisea culinaria recetas'),(303,'Antiguos recetarios mexicanos',7,'otro','NA','Nuevo y sencillo arte de cocina, México, DF., 1865','SD','SD','SD',6,'DF','SD',516,'Novísimo arte de cocina, 1831','NA','NA','NA','NA',NULL,'MexicoUnaOdiseaCulinaria/NA_Antiguosrecetariosmexicanos_4.pdf',0,NULL,'México una odisea culinaria recetas'),(304,'Antiguos recetarios mexicanos',6,'guisado','Frijoles blancos guisados','NA','Frijol blanco, chile ancho','SD','SD',6,'DF','SD',517,'Novísimo arte de cocina, 1831','NA','NA','NA','NA',NULL,'MexicoUnaOdiseaCulinaria/Frijolesblancosguisados.pdf',0,NULL,'México una odisea culinaria recetas'),(305,'Antiguos recetarios mexicanos',6,'guisado','Frijoles con pulque','NA','Frijol bayo, chile ancho, pulque','SD','SD',6,'DF','SD',518,'Novísimo arte de cocina, 1831','NA','NA','NA','NA',NULL,'MexicoUnaOdiseaCulinaria/Frijolesconpulque.pdf',0,NULL,'México una odisea culinaria recetas'),(306,'Antiguos recetarios mexicanos',6,'guisado','Arroz con camarones','NA','SD','SD','SD',6,'DF','SD',519,'Novísimo arte de cocina, 1831','NA','NA','NA','NA',NULL,'MexicoUnaOdiseaCulinaria/Arrozconcamarones.pdf',0,NULL,'México una odisea culinaria recetas'),(307,'Antiguos recetarios mexicanos',7,'otro','NA','Recetas prácticas para la señora de la casa','SD','SD','SD',11,'Jalisco','SD',520,'Recetas prácticas para la señora de la casa (1893, 1895)','NA','NA','NA','NA',NULL,'MexicoUnaOdiseaCulinaria/NA_Antiguosrecetariosmexicanos_5.pdf',0,NULL,'México una odisea culinaria recetas'),(308,'Antiguos recetarios mexicanos',10,'salsa','Salsa de chile pasilla','NA','Chile pasilla','SD','SD',11,'Jalisco','SD',521,'Recetas prácticas para la señora de la casa (1893, 1895)','NA','NA','NA','NA',NULL,'MexicoUnaOdiseaCulinaria/Salsadechilepasilla_Antiguosrecetariosmexicanos.pdf',1,NULL,'México una odisea culinaria recetas'),(309,'Antiguos recetarios mexicanos',7,'otro','NA','Apéndice al libro de cocina, Jules Gouffe, 1893','SD','SD','SD',NULL,'SD','SD',521,'Apéndice al Libro de cocina, Jules Gouffe, 1893','NA','NA','NA','NA',NULL,'MexicoUnaOdiseaCulinaria/NA_Antiguosrecetariosmexicanos_6.pdf',0,NULL,'México una odisea culinaria recetas'),(310,'Antiguos recetarios mexicanos',11,'sopa','Sopa seca de fideo con chile ancho','NA','Chile ancho','SD','SD',NULL,'SD','SD',522,'Apéndice al Libro de cocina, Jules Gouffe, 1893','NA','NA','NA','NA',NULL,'MexicoUnaOdiseaCulinaria/Sopasecadefideoconchileancho.pdf',0,NULL,'México una odisea culinaria recetas'),(311,'Antiguos recetarios mexicanos',6,'guisado','Calabacitas divinas','NA','Calabacitas','SD','SD',NULL,'SD','SD',523,'Apéndice al Libro de cocina, Jules Gouffe, 1893','NA','NA','NA','NA',NULL,'MexicoUnaOdiseaCulinaria/Calabacitasdivinas.pdf',0,NULL,'México una odisea culinaria recetas'),(312,'Antiguos recetarios mexicanos',10,'salsa','Salsa de chile poblano','NA','Chile poblano','SD','SD',NULL,'SD','SD',524,'Apéndice al Libro de cocina, Jules Gouffe, 1893','NA','NA','NA','NA',NULL,'MexicoUnaOdiseaCulinaria/Salsadechilepoblano.pdf',1,NULL,'México una odisea culinaria recetas'),(313,'Antiguos recetarios mexicanos',1,'aderezo','Salsa de tomate y vino','NA','SD','SD','SD',NULL,'SD','SD',525,'Apéndice al Libro de cocina, Jules Gouffe, 1893','NA','NA','NA','NA',NULL,'MexicoUnaOdiseaCulinaria/Salsadetomateyvino.pdf',0,NULL,'México una odisea culinaria recetas'),(314,'Información básica',7,'otro','NA','Equipo, medidas, ingredientes, grasas y aceites, manteca','SD','SD','SD',NULL,'SD','SD',526,'SD','NA','NA','NA','NA',NULL,'MexicoUnaOdiseaCulinaria/NA_Informacionbasica.pdf',0,NULL,'México una odisea culinaria recetas'),(315,'Información básica',7,'otro','NA','Vinagre','Jugo de tuba','SD','SD',5,'Colima','SD',529,'SD','NA','NA','NA','NA','Tuba, palma de la región','MexicoUnaOdiseaCulinaria/NA_Informacionbasica_1.pdf',0,NULL,'México una odisea culinaria recetas'),(316,'Información básica',7,'otro','NA','Ingredientes','Queso, epazote, achiote, hoja santa, masa para tortill y tamales, cal.','SD','SD',NULL,'SD','SD',538,'SD','NA','NA','NA','NA',NULL,'MexicoUnaOdiseaCulinaria/NA_Informacionbasica_2.pdf',0,NULL,'México una odisea culinaria recetas'),(317,'Información básica',7,'otro','NA','Chiles secos mencionados en este libro','SD','SD','SD',NULL,'SD','SD',539,'SD','NA','NA','NA','NA',NULL,'MexicoUnaOdiseaCulinaria/NA_Informacionbasica_3.pdf',0,NULL,'México una odisea culinaria recetas'),(230,'Guerrero',6,'guisado','Frijoles de novia','NA','Frijol montañero','Chilapa de Álvarez','SD',NULL,'Gurrero','SD',390,'Restaurante Casa Pilli','NA','NA','NA','NA',NULL,'MexicoUnaOdiseaCulinaria/Frijolesdenovia.pdf',0,NULL,'México una odisea culinaria recetas'),(231,'Guerrero',6,'guisado','Chalupas de Chilapa','NA','Maíz cacahuzintle','Chilapa de Álvarez','SD',9,'Guerrero','SD',391,'SD','NA','NA','NA','NA',NULL,'MexicoUnaOdiseaCulinaria/ChalupasdeChilapa.pdf',1,NULL,'México una odisea culinaria recetas'),(232,'Guerrero',6,'guisado','Carne y salsa  para chalupas','NA','Chile serrano, chile guajillo','Chilapa de Álvarez','SD',9,'Guerrero','SD',393,'SD','NA','NA','NA','NA',NULL,'MexicoUnaOdiseaCulinaria/Carneysalsaparachalupas.pdf',0,NULL,'México una odisea culinaria recetas'),(233,'Oaxaca',7,'otro','NA','Oaxaca','SD','SD','SD',17,'Oaxaca','SD',394,'SD','NA','NA','NA','NA',NULL,'MexicoUnaOdiseaCulinaria/NA_Oaxaca.pdf',0,NULL,'México una odisea culinaria recetas'),(234,'Oaxaca',6,'guisado','Arroz con camarón seco','NA','Orégano','Teotitlan del Valle','SD',17,'Oaxaca','SD',398,'Abigail Mendoza','NA','NA','NA','NA',NULL,'MexicoUnaOdiseaCulinaria/Arrozconcamaronseco.pdf',0,NULL,'México una odisea culinaria recetas'),(234,'Oaxaca',10,'salsa','Salsa de chile pasilla','NA','Chile pasilla de Oaxaca, hoja santa','Teotilán del Valle','SD',17,'Oaxaca','SD',400,'Abigail Mendoza','NA','NA','NA','NA',NULL,'MexicoUnaOdiseaCulinaria/Salsadechilepasilla.pdf',1,NULL,'México una odisea culinaria recetas'),(235,'Oaxaca',6,'guisado','Coloradito','NA','Chile ancho, chile guajillo, chocolate','SD','Valle de Oaxaca',17,'Oaxaca','SD',401,'Soledad Díaz','NA','NA','NA','NA',NULL,'MexicoUnaOdiseaCulinaria/Coloradito.pdf',0,NULL,'México una odisea culinaria recetas'),(236,'Oaxaca',6,'guisado','Enchilada de bautizo tres carnes','NA','SD','SD','Valle de Oaxaca',17,'Oaxaca','SD',403,'Soledad Díaz','NA','NA','NA','NA',NULL,'MexicoUnaOdiseaCulinaria/Enchiladadebautizotrescarnes.pdf',0,NULL,'México una odisea culinaria recetas'),(237,'Oaxaca',6,'guisado','Pollo almendrado','NA','SD','Oaxaca de Juárez','SD',17,'Oaxaca','SD',405,'Restaurante Casa de la Abuela','NA','NA','NA','NA',NULL,'MexicoUnaOdiseaCulinaria/Pollo almendrado.pdf',0,NULL,'México una odisea culinaria recetas'),(238,'Oaxaca',11,'sopa','Sopa de guías','NA','Elote, calabacita, guía de calabaza, piojito, chepil, chepiche, flor','Oaxaca de Juárez','Valle de Oaxaca',17,'Oaxaca','SD',407,'SD','NA','NA','NA','NA',NULL,'MexicoUnaOdiseaCulinaria/Sopadeguias.pdf',1,NULL,'México una odisea culinaria recetas'),(239,'Oaxaca',7,'otro','NA','El Istmo de Tehuantepec','Guayas','Santo Domingo Tehuanepec','SD',17,'Oaxaca','SD',409,'SD','NA','NA','NA','NA',NULL,'MexicoUnaOdiseaCulinaria/NA_Oaxaca_1.pdf',0,NULL,'México una odisea culinaria recetas'),(240,'Oaxaca',NULL,'','Guetavinguis','NA','Pepita, chile jalapeño, achiote','Heroica Ciudad de Juchitán de Zaragoza','SD',17,'Oaxaca','SD',413,'Amelia Castillo','NA','NA','NA','NA',NULL,'MexicoUnaOdiseaCulinaria/Guetavinguis.pdf',0,NULL,'México una odisea culinaria recetas'),(241,'0axaca',6,'guisado','Pollo garnachero','NA','SD','Heroica Ciudad de Juchitán de Zaragoza','SD',17,'Oaxaca','SD',414,'Amelia Castillo','NA','NA','NA','NA',NULL,'MexicoUnaOdiseaCulinaria/Pollogarnachero.pdf',0,NULL,'México una odisea culinaria recetas'),(241,'Oaxaca',6,'guisado','Garnachas juchitecas','NA','SD','Heroica Ciudad de Juchitán de Zaragoza','SD',17,'Oaxaca','SD',416,'Amelia Castillo','NA','NA','NA','NA',NULL,'MexicoUnaOdiseaCulinaria/Garnachasjuchitecas.pdf',0,NULL,'México una odisea culinaria recetas'),(242,'Oaxaca',10,'salsa','Salsa para garnachas','NA','Chile pasilla de Oaxaca, chile pasilla negro de México','Heroica Ciudad de Juchitán de Zaragoza','SD',17,'Oaxaca','SD',417,'SD','NA','NA','NA','NA',NULL,'MexicoUnaOdiseaCulinaria/Salsaparagarnachas.pdf',0,NULL,'México una odisea culinaria recetas'),(243,'Oaxaca',10,'salsa','Chilito','NA','Pasilla de Oaxaca, chile chipotle mora,','Heroica Ciudad de Juchitán de Zaragoza','SD',17,'Oaxaca','SD',418,'SD','NA','NA','NA','NA',NULL,'MexicoUnaOdiseaCulinaria/Chilito.pdf',1,NULL,'México una odisea culinaria recetas'),(244,'Oaxaca',6,'guisado','Mole de guinadooxhuba','NA','Chile jalapeño, achiote puro','Heroica Ciudad de Juchitán de Zaragoza','SD',17,'Oaxaca','SD',419,'Amelia Castillo Romero','NA','NA','NA','NA',NULL,'MexicoUnaOdiseaCulinaria/Moledeguinadooxhuba.pdf',0,NULL,'México una odisea culinaria recetas'),(245,'Oaxaca',6,'guisado','Molito de camarón seco','NA','Pepitas, achiote','Heroica Ciudad de Juchitán de Zaragoza','SD',17,'Oaxaca','SD',429,'Amelia Castillo','NA','NA','NA','NA',NULL,'MexicoUnaOdiseaCulinaria/Molitodecamaronseco.pdf',1,NULL,'México una odisea culinaria recetas'),(246,'Oaxaca',6,'guisado','Tamales de pescado seco','NA','Pepitas, achiote','Heroica Ciudad de Juchitán de Zaragoza','SD',17,'Oaxaca','SD',421,'SD','NA','NA','NA','NA',NULL,'MexicoUnaOdiseaCulinaria/Tamalesdepescadoseco.pdf',0,NULL,'México una odisea culinaria recetas'),(247,'Oaxaca',6,'guisado','Tamales de frijol','NA','SD','Heroica Ciudad de Juchitán de Zaragoza','SD',17,'Oaxaca','SD',424,'SD','NA','NA','NA','NA',NULL,'MexicoUnaOdiseaCulinaria/Tamalesdefrijol_Oaxaca.pdf',0,NULL,'México una odisea culinaria recetas'),(248,'Oaxaca',6,'guisado','Pastel de verduras','NA','SD','Heroica Ciudad de Juchitán de Zaragoza','SD',17,'Oaxaca','SD',426,'SD','NA','NA','NA','NA',NULL,'MexicoUnaOdiseaCulinaria/Pasteldeverduras.pdf',0,NULL,'México una odisea culinaria recetas'),(249,'Oaxaca',7,'otro','NA','La Costa del Pacífico oaxaqueño','Chicatana, avispa negra, tichindas','San Pedro Mixtepec','Puerto Escondido',17,'Oaxaca','SD',428,'SD','NA','NA','NA','NA',NULL,'MexicoUnaOdiseaCulinaria/NA_Oaxaca_2.pdf',0,NULL,'México una odisea culinaria recetas'),(250,'Oaxaca',6,'guisado','Mole de iguana negra','Puerto Escondido','Iguana, chile costeño, hoja santa','San Pedro Mixtepec','Puerto Escondido',17,'Oaxaca','SD',429,'Sra Galván','NA','NA','NA','NA',NULL,'MexicoUnaOdiseaCulinaria/Moledeiguananegra.pdf',1,NULL,'México una odisea culinaria recetas'),(251,'Oaxaca',6,'guisado','Mole de venado','Puerto Escondido','Venado, chile costeño, chile guajillo, hoja de aguacate','San Pedro Mixtepec','Puerto Escondido',17,'Oaxaca','SD',431,'Sra Galván','NA','NA','NA','NA',NULL,'MexicoUnaOdiseaCulinaria/Moledevenado.pdf',0,NULL,'México una odisea culinaria recetas'),(252,'Oaxaca',6,'guisado','Torta de masa','NA','SD','San Pedro Mixtepec','Zicatela',17,'Oaxaca','SD',432,'Bertha Ortiz','NA','NA','NA','NA',NULL,'MexicoUnaOdiseaCulinaria/Tortademasa.pdf',0,NULL,'México una odisea culinaria recetas'),(253,'Oaxaca',6,'guisado','Tamales de chile ajo','NA','Chile guajillo, chile costeño','San Pedro Mixtepec','Puerto Escondido',17,'Oaxaca','SD',433,'Bertha Ortiz','NA','NA','NA','NA',NULL,'MexicoUnaOdiseaCulinaria/Tamalesdechileajo.pdf',0,NULL,'México una odisea culinaria recetas'),(254,'Oaxaca',6,'guisado','Cuitlacoche estilo costeño','NA','Cuitlacoche, Chile costeño','San Pedro Mixtepec','Puerto Escondido',17,'Oaxaca','SD',436,'SD','NA','NA','NA','NA',NULL,'MexicoUnaOdiseaCulinaria/Cuitlacocheestilocosteno.pdf',1,NULL,'México una odisea culinaria recetas'),(255,'Oaxaca',6,'guisado','Empanadas de hongos','NA','Hongo orejita de ratón o de palo, chile costeño, hoja santa','Santiago Pinotepa Nacional','SD',17,'Oaxaca','SD',436,'SD','NA','NA','NA','NA',NULL,'MexicoUnaOdiseaCulinaria/Empanadasdehongos.pdf',0,NULL,'México una odisea culinaria recetas'),(256,'Oaxaca',6,'guisado','Tamales de rajas','NA','Chile serrano','Santiago Pinotepea Nacional','SD',17,'Oaxaca','SD',438,'Sra Armandine','NA','NA','NA','NA',NULL,'MexicoUnaOdiseaCulinaria/Tamalesderajas.pdf',1,NULL,'México una odisea culinaria recetas'),(257,'Oaxaca',6,'guisado','Mole costeño','NA','Chile ancho, chile costeño, chile de árbol, chile puya, chile guajillo','Santiago Pinotepea Nacional','SD',17,'Oaxaca','SD',439,'Sra Armandine','NA','NA','NA','NA',NULL,'MexicoUnaOdiseaCulinaria/Molecosteno.pdf',0,NULL,'México una odisea culinaria recetas'),(258,'Oaxaca',6,'guisado','Estofado de Bodas','NA','SD','Santiago Pinotepa Nacional','SD',17,'Oaxaca','SD',441,'Señora Armandine','NA','NA','NA','NA',NULL,'MexicoUnaOdiseaCulinaria/EstofadodeBodas.pdf',0,NULL,'México una odisea culinaria recetas'),(259,'Oaxaca',7,'otro','NA','Tlaxiaco','NA','Tlaxiaco','SD',17,'Oaxaca','SD',442,'SD','NA','NA','NA','NA',NULL,'MexicoUnaOdiseaCulinaria/NA_Oaxaca_3.pdf',0,NULL,'México una odisea culinaria recetas'),(260,'Oaxaca',6,'guisado','Relleno para chile pasilla','NA','Chile pasilla mixe','Tlaxiaco','SD',17,'Oaxaca','SD',445,'Doña Juanita','NA','NA','NA','NA',NULL,'MexicoUnaOdiseaCulinaria/Rellenoparachilepasilla.pdf',1,NULL,'México una odisea culinaria recetas'),(261,'Oaxaca',6,'guisado','Amarillo de puerco con frijol blanco','NA','Frijolito blanco, chile guajillo, hoja santa','Tlaxicaco','SD',17,'Oaxaca','SD',446,'Esmirna Cruz Rojas','NA','NA','NA','NA',NULL,'MexicoUnaOdiseaCulinaria/Amarillodepuercoconfrijolblanco.pdf',0,NULL,'México una odisea culinaria recetas'),(262,'Oaxaca',6,'guisado','Chilate de res','NA','Chile costeño','Tlaxicaco','SD',17,'Oaxaca','SD',447,'SD','NA','NA','NA','NA',NULL,'MexicoUnaOdiseaCulinaria/Chilatederes.pdf',0,NULL,'México una odisea culinaria recetas'),(263,'Oaxaca',6,'guisado','Jiná en escabeche','NA','Hongo jiná','Tlaxicaco','SD',17,'Oaxaca','Amanita cesarea',448,'Esmirna Cruz Rojas','NA','NA','NA','NA',NULL,'MexicoUnaOdiseaCulinaria/Jinaenescabeche.pdf',0,NULL,'México una odisea culinaria recetas'),(264,'Oaxaca',6,'guisado','Jiná asado','NA','Hongo jiná','Tlaxiaco','SD',17,'Oaxaca','Amanita cesarea',450,'Esmirna Cruz Rojas','NA','NA','NA','NA',NULL,'MexicoUnaOdiseaCulinaria/Jinaasado.pdf',1,NULL,'México una odisea culinaria recetas'),(265,'Oaxaca',6,'guisado','Hongos en chile guajillo','NA','Chile guajillo, hongo oreja de venado','Tlaxiaco','SD',17,'Oaxaca','Hypomyces lactifluorum',451,'Esmirna Cruz Rojas','NA','NA','NA','NA',NULL,'MexicoUnaOdiseaCulinaria/Hongosenchileguajillo.pdf',0,NULL,'México una odisea culinaria recetas'),(266,'Oaxaca',6,'guisado','NA','Sierra Juárez','Chayote silvestre, laurel mexicano, hoja santa, cilantro silvestre, tepejilote','SD','Sierra Juárez, La Chinantla',17,'Oaxaca','SD',452,'SD','NA','NA','NA','NA',NULL,'MexicoUnaOdiseaCulinaria/NA_Oaxaca_4.pdf',1,NULL,'México una odisea culinaria recetas'),(267,'Oaxaca',7,'otro','NA','Cuicatlán','Chile chilhuacle negro, rojo y amarillo','San Juan Bautista Cuicatlán','SD',17,'Oaxaca','SD',455,'SD','NA','NA','NA','NA',NULL,'MexicoUnaOdiseaCulinaria/NA_Oaxaca_5.pdf',0,NULL,'México una odisea culinaria recetas'),(268,'Oaxaca',6,'guisado','Chile caldo','NA','Frijol silvestre, chile chilhuacle','San Juan Bautista Cuicatlán','SD',17,'Oaxaca','SD',456,'SD','NA','NA','NA','NA',NULL,'MexicoUnaOdiseaCulinaria/Chilecaldo.pdf',1,NULL,'México una odisea culinaria recetas'),(269,'Oaxaca',6,'guisado','Rajas de chiles criollos de Cuicatlán','NA','Chile criollo','San Juan Bautista Cuicatlán','SD',17,'Oaxaca','SD',458,'SD','NA','NA','NA','NA',NULL,'MexicoUnaOdiseaCulinaria/RajasdechilescriollosdeCuicatlán.pdf',0,NULL,'México una odisea culinaria recetas'),(270,'Miscelánea de experiencias culinarias',7,'otro','NA','Miscelánea de experiencias culinarias','SD','SD','SD',NULL,'SD','SD',462,'SD','NA','NA','NA','NA',NULL,'MexicoUnaOdiseaCulinaria/#',0,NULL,'México una odisea culinaria recetas'),(271,'Rarezas',6,'guisado','Mole Prieto','NA','Chile guajillo, chile chipotle meco, cuitlacoche','Tetla de la Solidaridad','SD',19,'Tlaxcala','SD',462,'María Luisa Ménedez','NA','NA','NA','NA',NULL,'MexicoUnaOdiseaCulinaria/MolePrieto.pdf',1,NULL,'México una odisea culinaria recetas'),(272,'Rarezas',6,'guisado','Ahuautli','NA','Ahuautli','SD','Chimalhuacan',12,'México','Ephydra hians',464,'Familia Escalante','NA','NA','NA','NA',NULL,'MexicoUnaOdiseaCulinaria/Ahuautli.pdf',0,NULL,'México una odisea culinaria recetas'),(273,'Rarezas',6,'guisado','Jumiles: una visita a Zacualpan, Estado de México','NA','Jumiles','Zacualpan de Amilpas','SD',12,'México','Atizies taxcoensis',467,'SD','NA','NA','NA','NA',NULL,'MexicoUnaOdiseaCulinaria/Jumiles.pdf',0,NULL,'México una odisea culinaria recetas'),(274,'Rarezas',7,'otro','NA','Las matanzas de Puebla','Chivos','SD','SD',14,'Puebla','SD',570,'SD','NA','NA','NA','NA',NULL,'MexicoUnaOdiseaCulinaria/NA_Rarezas.pdf',0,NULL,'México una odisea culinaria recetas'),(318,'Información',7,'otro','NA','Chiles frescos mencionados en este libro','SD','SD','SD',NULL,'SD','SD',541,'SD','NA','NA','NA','NA',NULL,'MexicoUnaOdiseaCulinaria/NA_Informacion.pdf',0,NULL,'México una odisea culinaria recetas'),(319,'Índice general',7,'otro','NA','Índice general','NA','NA','SD',NULL,'SD','SD',543,'SD','NA','NA','NA','NA',NULL,'MexicoUnaOdiseaCulinaria/NA_Indicegeneral.pdf',0,NULL,'México una odisea culinaria recetas');
/*!40000 ALTER TABLE `diannakennedy` ENABLE KEYS */;
UNLOCK TABLES;

--
-- Table structure for table `estados`
--

DROP TABLE IF EXISTS `estados`;
/*!40101 SET @saved_cs_client     = @@character_set_client */;
/*!40101 SET character_set_client = utf8 */;
CREATE TABLE `estados` (
  `Id` int(11) NOT NULL AUTO_INCREMENT,
  `nomestado` varchar(255) DEFAULT NULL,
  PRIMARY KEY (`Id`)
) ENGINE=MyISAM AUTO_INCREMENT=22 DEFAULT CHARSET=utf8;
/*!40101 SET character_set_client = @saved_cs_client */;

--
-- Dumping data for table `estados`
--

LOCK TABLES `estados` WRITE;
/*!40000 ALTER TABLE `estados` DISABLE KEYS */;
INSERT INTO `estados` VALUES (1,'Aguascalientes'),(2,'Campeche'),(3,'Chihuahua'),(4,'Coahuila'),(5,'Colima'),(6,'DF'),(7,'Estado de México'),(8,'Guanajuato'),(9,'Guerrero'),(10,'Hidalgo'),(11,'Jalisco'),(12,'México'),(13,'Michoacán de Ocampo'),(14,'Puebla'),(15,'Morelos'),(16,'Nayarit'),(17,'Oaxaca'),(18,'Tabasco'),(19,'Tlaxcala'),(20,'Veracruz de Ignacio de la Llave'),(21,'Zacatecas');
/*!40000 ALTER TABLE `estados` ENABLE KEYS */;
UNLOCK TABLES;

--
-- Table structure for table `ingredientes`
--

DROP TABLE IF EXISTS `ingredientes`;
/*!40101 SET @saved_cs_client     = @@character_set_client */;
/*!40101 SET character_set_client = utf8 */;
CREATE TABLE `ingredientes` (
  `id` int(10) unsigned NOT NULL AUTO_INCREMENT,
  `nombre` varchar(255) NOT NULL DEFAULT '',
  PRIMARY KEY (`id`),
  KEY `_ingrediente_` (`nombre`) USING BTREE
) ENGINE=MyISAM AUTO_INCREMENT=415 DEFAULT CHARSET=latin1;
/*!40101 SET character_set_client = @saved_cs_client */;

--
-- Dumping data for table `ingredientes`
--

LOCK TABLES `ingredientes` WRITE;
/*!40000 ALTER TABLE `ingredientes` DISABLE KEYS */;
INSERT INTO `ingredientes` VALUES (189,'Acamayas'),(190,'jobo'),(191,'chile chlipaya'),(192,'cruzeta'),(193,'Acayote'),(194,'xocoyol'),(195,'chile de árbol'),(196,'Aceite de coco (coyol)'),(197,'Achiote'),(198,'chile dulce'),(199,'chile x-cat-ik'),(200,'jugo de naranja'),(201,'naranja agria'),(202,'Ahuautli'),(203,'Anguilas'),(204,'chile jalapeño'),(205,'Bagre'),(206,'chile ancho'),(207,'Calabacitas'),(208,'Cazón'),(209,'Cidra'),(210,'calabaza'),(211,'chilacayote'),(212,'Cuitlacoche'),(213,'Chile costeño'),(214,'Chacal o chico de Nuevo México'),(215,'Chaya'),(216,'chile serrano'),(217,'hoja de plátano'),(218,'Chayote silvestre'),(219,'laurel mexicano'),(220,'hoja santa'),(221,'cilantro silvestre'),(222,'tepejilote'),(223,'Chayote'),(224,'calabacita'),(225,'frijol negro'),(226,'Chicatana'),(227,'avispa negra'),(228,'tichindas'),(229,'chile moras'),(230,'haba'),(231,'elote'),(232,'chile manzano'),(233,'Chile amarillo'),(234,'Chile amashito'),(235,'jugo de naranja agria'),(236,'Chile ancho y chile guajillo'),(237,'chile puya'),(238,'chile guajillo'),(239,'chile chipotle mora'),(240,'chocolate'),(241,'orégano seco'),(242,'chile pasilla'),(243,'chile piquín'),(244,'pepitas'),(245,'nopales'),(246,'pepitas de calabaza'),(247,'chiles amashitos'),(248,'Chile anchos'),(249,'Chile cascabel'),(250,'Chile colorado de la tierra'),(251,'Chile cora'),(252,'Chile criollo'),(253,'Chile chilaca'),(254,'Chile chilacas'),(255,'flor de calabaza'),(256,'Chile chilhuacle negro'),(257,'rojo y amarillo'),(258,'Chile chilpaya'),(259,'limón criollo'),(260,'chiles anchos'),(261,'Chile dulce verde'),(262,'chile habanero'),(263,'chile chipotle meco'),(264,'hongo oreja de venado'),(265,'Chile güero'),(266,'orégano de Yucatán'),(267,'chile seco yucateco'),(268,'Chile jalapeño en escabeche'),(269,'achiote puro'),(270,'cilantro'),(271,'hoja de aguacate'),(272,'chile jaral (ancho)'),(273,'Chile miahuateco o mulato'),(274,'chocolate mexicano'),(275,'Chile mora'),(276,'pixtli'),(277,'Chile mulato'),(278,'Chile pasados-chile verdes del norte poblano'),(279,'Chile pasilla de Oaxaca'),(280,'chile pasilla negro de México'),(281,'Chile pasilla mixe'),(282,'semilla de calabaza'),(283,'chile pimiento verde'),(284,'Chile poblano'),(285,'Chile poblano o anaheim'),(286,'aguacate'),(287,'chile verde del norte o anaheim'),(288,'guaje'),(289,'hongos silvestres'),(290,'orégano'),(291,'Chile verde del norte'),(292,'poblanos'),(293,'Chiles poblanos o anaheim'),(294,'Chipotle en adobo'),(295,'Chivato'),(296,'hongos clavito'),(297,'hongos paloma'),(298,'hongos azules'),(299,'acociles'),(300,'Chivos'),(301,'Echalotes'),(302,'cebollín'),(303,'guía de calabaza'),(304,'piojito'),(305,'chepil'),(306,'chepiche'),(307,'flor'),(308,'chayotes'),(309,'ejotes'),(310,'xoconostle'),(311,'Flor masculina del maíz: Espiga'),(312,'pulque'),(313,'Flores de colorín'),(314,'timbiriches'),(315,'chumilines negros'),(316,'frijol silvestre epatlaxtli'),(317,'tlanipan'),(318,'Flores rojas de frijol'),(319,'cebolla roja'),(320,'camotes'),(321,'frijoles rojos montañeros'),(322,'jitomate criollo'),(323,'cuajilote'),(324,'anis de campo'),(325,'acatlecos'),(326,'mochitecos'),(327,'joyeños'),(328,'joya'),(329,'chilaca'),(330,'Frijol ayocote'),(331,'papatla'),(332,'frutilla'),(333,'chota'),(334,'Frijol bayo'),(335,'chile de la tierra'),(336,'Frijol blanco'),(337,'Frijol flor de mayo'),(338,'canario'),(339,'xoconostele'),(340,'nopal'),(341,'Frijol mayo'),(342,'Frijol montañero'),(343,'xonequi'),(344,'Frijol silvestre'),(345,'chile chilhuacle'),(346,'Frijolito blanco'),(347,'Frijolitos blancos'),(348,'Granos de elote'),(349,'Guajes'),(350,'Guayaba'),(351,'Guayas'),(352,'Haba tierna'),(353,'Habas'),(354,'Hoja blanca'),(355,'Hongo amarillo'),(356,'Hongo azule'),(357,'Hongo clavito'),(358,'Hongo jiná'),(359,'Hongo oreja de puerco'),(360,'Hongo orejita de ratón o de palo'),(361,'Hongo pata de pájaro'),(362,'Hongo pata de pollo'),(363,'Hongo silvestre'),(364,'Honguitos'),(365,'Iguana'),(366,'Jicacos'),(367,'perejil'),(368,'matali'),(369,'pimienta gorda'),(370,'cocohite'),(371,'capulines'),(372,'Jugo de tuba'),(373,'Jumil'),(374,'cuetla'),(375,'chimicuil'),(376,'papaloquelite'),(377,'pepicha'),(378,'Jumiles'),(379,'Lima agria'),(380,'Maíz'),(381,'Maíz cacahuzintle'),(382,'acoyote'),(383,'chile serrano seco largo rojo'),(384,'Marañón'),(385,'orégano fresco'),(386,'chile morita o mora'),(387,'Orégano silvestre seco'),(388,'Papa silvestre o cimarron'),(389,'Papas silvestres'),(390,'Papas'),(391,'Pasilla de Oaxaca'),(392,'Pasta de achiote'),(393,'Pepita de calabaza'),(394,'Pepita'),(395,'lengua de vaca'),(396,'Quebrachis'),(397,'Queso de tuna'),(398,'Queso'),(399,'epazote'),(400,'masa para tortilla'),(401,'tamales'),(402,'cal'),(403,'Semilla de alcaravea'),(404,'Tomate de monte'),(405,'togololos'),(406,'topotes'),(407,'chile chipaya'),(408,'Trompillos'),(409,'Venado'),(410,'Xoco'),(411,'chile morita'),(412,'flor roja de acayote'),(413,'Yaca'),(414,'Zapote negro');
/*!40000 ALTER TABLE `ingredientes` ENABLE KEYS */;
UNLOCK TABLES;
/*!40103 SET TIME_ZONE=@OLD_TIME_ZONE */;

/*!40101 SET SQL_MODE=@OLD_SQL_MODE */;
/*!40014 SET FOREIGN_KEY_CHECKS=@OLD_FOREIGN_KEY_CHECKS */;
/*!40014 SET UNIQUE_CHECKS=@OLD_UNIQUE_CHECKS */;
/*!40101 SET CHARACTER_SET_CLIENT=@OLD_CHARACTER_SET_CLIENT */;
/*!40101 SET CHARACTER_SET_RESULTS=@OLD_CHARACTER_SET_RESULTS */;
/*!40101 SET COLLATION_CONNECTION=@OLD_COLLATION_CONNECTION */;
/*!40111 SET SQL_NOTES=@OLD_SQL_NOTES */;

-- Dump completed on 2014-08-19  6:26:46
